"author","word"
"AaronPressman","internet"
"AaronPressman","banks"
"AaronPressman","companies"
"AaronPressman","congress"
"AaronPressman","credit"
"AaronPressman","encryption"
"AaronPressman","court"
"AaronPressman","federal"
"AaronPressman","financial"
"AaronPressman","policy"
"AaronPressman","government"
"AaronPressman","online"
"AaronPressman","bank"
"AaronPressman","products"
"AaronPressman","access"
"AaronPressman","securities"
"AaronPressman","banking"
"AaronPressman","export"
"AaronPressman","bill"
"AaronPressman","u.s"
"AaronPressman","computer"
"AaronPressman","law"
"AaronPressman","rules"
"AaronPressman","key"
"AaronPressman","services"
"AaronPressman","committee"
"AaronPressman","insurance"
"AaronPressman","president"
"AaronPressman","draft"
"AaronPressman","administration"
"AaronPressman","market"
"AaronPressman","firms"
"AaronPressman","foreign"
"AaronPressman","commerce"
"AaronPressman","industry"
"AaronPressman","information"
"AaronPressman","laws"
"AaronPressman","phone"
"AaronPressman","association"
"AaronPressman","commission"
"AaronPressman","software"
"AaronPressman","act"
"AaronPressman","fed"
"AaronPressman","proposal"
"AaronPressman","unions"
"AaronPressman","currency"
"AaronPressman","names"
"AaronPressman","service"
"AaronPressman","trading"
"AaronPressman","union"
"AlanCrosby","market"
"AlanCrosby","percent"
"AlanCrosby","czech"
"AlanCrosby","week"
"AlanCrosby","analysts"
"AlanCrosby","crowns"
"AlanCrosby","6"
"AlanCrosby","round"
"AlanCrosby","prague"
"AlanCrosby","billion"
"AlanCrosby","investors"
"AlanCrosby","index"
"AlanCrosby","senate"
"AlanCrosby","coalition"
"AlanCrosby","stock"
"AlanCrosby","match"
"AlanCrosby","thursday"
"AlanCrosby","elections"
"AlanCrosby","world"
"AlanCrosby","prices"
"AlanCrosby","exchange"
"AlanCrosby","foreign"
"AlanCrosby","house"
"AlanCrosby","martin"
"AlanCrosby","2"
"AlanCrosby","crown"
"AlanCrosby","deficit"
"AlanCrosby","million"
"AlanCrosby","strong"
"AlanCrosby","7"
"AlanCrosby","ods"
"AlanCrosby","trading"
"AlanCrosby","bank"
"AlanCrosby","banka"
"AlanCrosby","czechs"
"AlanCrosby","final"
"AlanCrosby","friday"
"AlanCrosby","added"
"AlanCrosby","lower"
"AlanCrosby","4"
"AlanCrosby","ferreira"
"AlanCrosby","government"
"AlanCrosby","klaus"
"AlanCrosby","lost"
"AlanCrosby","month"
"AlanCrosby","share"
"AlanCrosby","trade"
"AlanCrosby","5"
"AlanCrosby","company"
"AlanCrosby","shares"
"AlexanderSmith","million"
"AlexanderSmith","percent"
"AlexanderSmith","company"
"AlexanderSmith","investment"
"AlexanderSmith","amp"
"AlexanderSmith","british"
"AlexanderSmith","pounds"
"AlexanderSmith","market"
"AlexanderSmith","companies"
"AlexanderSmith","cable"
"AlexanderSmith","management"
"AlexanderSmith","billion"
"AlexanderSmith","u.s"
"AlexanderSmith","shares"
"AlexanderSmith","business"
"AlexanderSmith","merger"
"AlexanderSmith","shareholders"
"AlexanderSmith","property"
"AlexanderSmith","told"
"AlexanderSmith","bank"
"AlexanderSmith","london"
"AlexanderSmith","executive"
"AlexanderSmith","fund"
"AlexanderSmith","pence"
"AlexanderSmith","fleming"
"AlexanderSmith","pound"
"AlexanderSmith","reuters"
"AlexanderSmith","time"
"AlexanderSmith","britain's"
"AlexanderSmith","financial"
"AlexanderSmith","share"
"AlexanderSmith","deal"
"AlexanderSmith","industry"
"AlexanderSmith","chief"
"AlexanderSmith","services"
"AlexanderSmith","adding"
"AlexanderSmith","added"
"AlexanderSmith","chairman"
"AlexanderSmith","banking"
"AlexanderSmith","invesco"
"AlexanderSmith","major"
"AlexanderSmith","cost"
"AlexanderSmith","international"
"AlexanderSmith","firms"
"AlexanderSmith","greycoat"
"AlexanderSmith","months"
"AlexanderSmith","names"
"AlexanderSmith","offer"
"AlexanderSmith","robert"
"AlexanderSmith","wireless"
"BenjaminKangLim","china"
"BenjaminKangLim","wang"
"BenjaminKangLim","beijing"
"BenjaminKangLim","chinese"
"BenjaminKangLim","taiwan"
"BenjaminKangLim","court"
"BenjaminKangLim","government"
"BenjaminKangLim","party"
"BenjaminKangLim","communist"
"BenjaminKangLim","china's"
"BenjaminKangLim","u.s"
"BenjaminKangLim","rights"
"BenjaminKangLim","trial"
"BenjaminKangLim","human"
"BenjaminKangLim","officials"
"BenjaminKangLim","official"
"BenjaminKangLim","prison"
"BenjaminKangLim","sentence"
"BenjaminKangLim","economic"
"BenjaminKangLim","president"
"BenjaminKangLim","united"
"BenjaminKangLim","jiang"
"BenjaminKangLim","newspaper"
"BenjaminKangLim","1995"
"BenjaminKangLim","chen"
"BenjaminKangLim","visit"
"BenjaminKangLim","foreign"
"BenjaminKangLim","leader"
"BenjaminKangLim","told"
"BenjaminKangLim","appeal"
"BenjaminKangLim","links"
"BenjaminKangLim","war"
"BenjaminKangLim","dan"
"BenjaminKangLim","taiwanese"
"BenjaminKangLim","vice"
"BenjaminKangLim","dissident"
"BenjaminKangLim","wang's"
"BenjaminKangLim","beijing's"
"BenjaminKangLim","people"
"BenjaminKangLim","1989"
"BenjaminKangLim","democracy"
"BenjaminKangLim","mother"
"BenjaminKangLim","people's"
"BenjaminKangLim","billion"
"BenjaminKangLim","political"
"BenjaminKangLim","trade"
"BenjaminKangLim","hong"
"BenjaminKangLim","million"
"BenjaminKangLim","zhou"
"BenjaminKangLim","authorities"
"BernardHickey","percent"
"BernardHickey","news"
"BernardHickey","million"
"BernardHickey","profit"
"BernardHickey","corp"
"BernardHickey","analysts"
"BernardHickey","murdoch"
"BernardHickey","bank"
"BernardHickey","profits"
"BernardHickey","20"
"BernardHickey","australian"
"BernardHickey","half"
"BernardHickey","sydney"
"BernardHickey","analyst"
"BernardHickey","1996"
"BernardHickey","growth"
"BernardHickey","market"
"BernardHickey","net"
"BernardHickey","media"
"BernardHickey","banks"
"BernardHickey","quarter"
"BernardHickey","97"
"BernardHickey","strong"
"BernardHickey","australia"
"BernardHickey","30"
"BernardHickey","told"
"BernardHickey","billion"
"BernardHickey","1995"
"BernardHickey","expected"
"BernardHickey","96"
"BernardHickey","company"
"BernardHickey","government"
"BernardHickey","increase"
"BernardHickey","result"
"BernardHickey","shares"
"BernardHickey","television"
"BernardHickey","cents"
"BernardHickey","share"
"BernardHickey","banking"
"BernardHickey","u.s"
"BernardHickey","mci"
"BernardHickey","financial"
"BernardHickey","stake"
"BernardHickey","british"
"BernardHickey","2"
"BernardHickey","earnings"
"BernardHickey","australia's"
"BernardHickey","fairfax"
"BernardHickey","time"
"BernardHickey","westpac"
"BradDorfman","percent"
"BradDorfman","company"
"BradDorfman","million"
"BradDorfman","sales"
"BradDorfman","analysts"
"BradDorfman","quarter"
"BradDorfman","based"
"BradDorfman","stock"
"BradDorfman","bank"
"BradDorfman","analyst"
"BradDorfman","share"
"BradDorfman","earnings"
"BradDorfman","corp"
"BradDorfman","billion"
"BradDorfman","amp"
"BradDorfman","chicago"
"BradDorfman","business"
"BradDorfman","deal"
"BradDorfman","expected"
"BradDorfman","chief"
"BradDorfman","mercury"
"BradDorfman","banking"
"BradDorfman","market"
"BradDorfman","mercantile"
"BradDorfman","ago"
"BradDorfman","1996"
"BradDorfman","1"
"BradDorfman","store"
"BradDorfman","reported"
"BradDorfman","acquisition"
"BradDorfman","company's"
"BradDorfman","executive"
"BradDorfman","1997"
"BradDorfman","banks"
"BradDorfman","finance"
"BradDorfman","financial"
"BradDorfman","season"
"BradDorfman","stores"
"BradDorfman","holiday"
"BradDorfman","results"
"BradDorfman","rose"
"BradDorfman","largest"
"BradDorfman","shares"
"BradDorfman","strong"
"BradDorfman","tuesday"
"BradDorfman","caterpillar"
"BradDorfman","retailers"
"BradDorfman","shopping"
"BradDorfman","thursday"
"BradDorfman","fourth"
"DarrenSchuettler","bank"
"DarrenSchuettler","canadian"
"DarrenSchuettler","billion"
"DarrenSchuettler","million"
"DarrenSchuettler","canada"
"DarrenSchuettler","percent"
"DarrenSchuettler","banks"
"DarrenSchuettler","canada's"
"DarrenSchuettler","toronto"
"DarrenSchuettler","stock"
"DarrenSchuettler","cents"
"DarrenSchuettler","fund"
"DarrenSchuettler","share"
"DarrenSchuettler","analysts"
"DarrenSchuettler","molson"
"DarrenSchuettler","earnings"
"DarrenSchuettler","hirsch"
"DarrenSchuettler","royal"
"DarrenSchuettler","quarter"
"DarrenSchuettler","record"
"DarrenSchuettler","expected"
"DarrenSchuettler","1996"
"DarrenSchuettler","biggest"
"DarrenSchuettler","montreal"
"DarrenSchuettler","investment"
"DarrenSchuettler","banking"
"DarrenSchuettler","exchange"
"DarrenSchuettler","government"
"DarrenSchuettler","1995"
"DarrenSchuettler","mutual"
"DarrenSchuettler","u.s"
"DarrenSchuettler","coors"
"DarrenSchuettler","fidelity"
"DarrenSchuettler","investors"
"DarrenSchuettler","market"
"DarrenSchuettler","shares"
"DarrenSchuettler","based"
"DarrenSchuettler","financial"
"DarrenSchuettler","ontario"
"DarrenSchuettler","rates"
"DarrenSchuettler","week"
"DarrenSchuettler","bank's"
"DarrenSchuettler","income"
"DarrenSchuettler","major"
"DarrenSchuettler","profits"
"DarrenSchuettler","services"
"DarrenSchuettler","wednesday"
"DarrenSchuettler","company"
"DarrenSchuettler","dividend"
"DarrenSchuettler","stocks"
"DavidLawder","gm"
"DavidLawder","workers"
"DavidLawder","uaw"
"DavidLawder","plant"
"DavidLawder","gm's"
"DavidLawder","plants"
"DavidLawder","strike"
"DavidLawder","local"
"DavidLawder","contract"
"DavidLawder","million"
"DavidLawder","ford"
"DavidLawder","truck"
"DavidLawder","auto"
"DavidLawder","corp"
"DavidLawder","union"
"DavidLawder","agreement"
"DavidLawder","talks"
"DavidLawder","automaker"
"DavidLawder","chrysler"
"DavidLawder","percent"
"DavidLawder","national"
"DavidLawder","canadian"
"DavidLawder","u.s"
"DavidLawder","week"
"DavidLawder","mich"
"DavidLawder","indianapolis"
"DavidLawder","janesville"
"DavidLawder","yokich"
"DavidLawder","assembly"
"DavidLawder","strikes"
"DavidLawder","monday"
"DavidLawder","car"
"DavidLawder","wednesday"
"DavidLawder","president"
"DavidLawder","friday"
"DavidLawder","united"
"DavidLawder","issues"
"DavidLawder","job"
"DavidLawder","motors"
"DavidLawder","vehicles"
"DavidLawder","95"
"DavidLawder","flint"
"DavidLawder","officials"
"DavidLawder","production"
"DavidLawder","expected"
"DavidLawder","motor"
"DavidLawder","negotiations"
"DavidLawder","operations"
"DavidLawder","quarter"
"DavidLawder","share"
"EdnaFernandes","million"
"EdnaFernandes","pounds"
"EdnaFernandes","percent"
"EdnaFernandes","company"
"EdnaFernandes","market"
"EdnaFernandes","fire"
"EdnaFernandes","billion"
"EdnaFernandes","pence"
"EdnaFernandes","profits"
"EdnaFernandes","tunnel"
"EdnaFernandes","told"
"EdnaFernandes","business"
"EdnaFernandes","reuters"
"EdnaFernandes","shares"
"EdnaFernandes","british"
"EdnaFernandes","chief"
"EdnaFernandes","eurotunnel"
"EdnaFernandes","1"
"EdnaFernandes","industry"
"EdnaFernandes","rail"
"EdnaFernandes","london"
"EdnaFernandes","cost"
"EdnaFernandes","share"
"EdnaFernandes","plc"
"EdnaFernandes","imperial"
"EdnaFernandes","sales"
"EdnaFernandes","debt"
"EdnaFernandes","growth"
"EdnaFernandes","damage"
"EdnaFernandes","executive"
"EdnaFernandes","expected"
"EdnaFernandes","virgin"
"EdnaFernandes","15"
"EdnaFernandes","government"
"EdnaFernandes","services"
"EdnaFernandes","pound"
"EdnaFernandes","bid"
"EdnaFernandes","hanson"
"EdnaFernandes","building"
"EdnaFernandes","u.s"
"EdnaFernandes","added"
"EdnaFernandes","analysts"
"EdnaFernandes","spokesman"
"EdnaFernandes","stock"
"EdnaFernandes","companies"
"EdnaFernandes","launch"
"EdnaFernandes","profit"
"EdnaFernandes","markets"
"EdnaFernandes","plans"
"EdnaFernandes","uk"
"EricAuchard","stock"
"EricAuchard","computer"
"EricAuchard","company"
"EricAuchard","analysts"
"EricAuchard","corp"
"EricAuchard","1"
"EricAuchard","quarter"
"EricAuchard","business"
"EricAuchard","industry"
"EricAuchard","analyst"
"EricAuchard","software"
"EricAuchard","intel"
"EricAuchard","percent"
"EricAuchard","technology"
"EricAuchard","online"
"EricAuchard","service"
"EricAuchard","earnings"
"EricAuchard","market"
"EricAuchard","million"
"EricAuchard","amp"
"EricAuchard","share"
"EricAuchard","communications"
"EricAuchard","based"
"EricAuchard","mci"
"EricAuchard","8"
"EricAuchard","internet"
"EricAuchard","wireless"
"EricAuchard","services"
"EricAuchard","compuserve"
"EricAuchard","wall"
"EricAuchard","network"
"EricAuchard","street"
"EricAuchard","pc"
"EricAuchard","trading"
"EricAuchard","deal"
"EricAuchard","equipment"
"EricAuchard","expected"
"EricAuchard","growth"
"EricAuchard","associates"
"EricAuchard","plans"
"EricAuchard","stocks"
"EricAuchard","systems"
"EricAuchard","4"
"EricAuchard","company's"
"EricAuchard","tuesday"
"EricAuchard","chip"
"EricAuchard","companies"
"EricAuchard","u.s"
"EricAuchard","billion"
"EricAuchard","monday"
"FumikoFujisaki","billion"
"FumikoFujisaki","banks"
"FumikoFujisaki","yen"
"FumikoFujisaki","financial"
"FumikoFujisaki","bank"
"FumikoFujisaki","japanese"
"FumikoFujisaki","japan's"
"FumikoFujisaki","loans"
"FumikoFujisaki","market"
"FumikoFujisaki","life"
"FumikoFujisaki","insurance"
"FumikoFujisaki","firms"
"FumikoFujisaki","japan"
"FumikoFujisaki","securities"
"FumikoFujisaki","analysts"
"FumikoFujisaki","business"
"FumikoFujisaki","companies"
"FumikoFujisaki","trillion"
"FumikoFujisaki","industry"
"FumikoFujisaki","finance"
"FumikoFujisaki","stock"
"FumikoFujisaki","percent"
"FumikoFujisaki","million"
"FumikoFujisaki","current"
"FumikoFujisaki","profits"
"FumikoFujisaki","assets"
"FumikoFujisaki","real"
"FumikoFujisaki","estate"
"FumikoFujisaki","ministry"
"FumikoFujisaki","half"
"FumikoFujisaki","markets"
"FumikoFujisaki","company"
"FumikoFujisaki","funds"
"FumikoFujisaki","investors"
"FumikoFujisaki","loan"
"FumikoFujisaki","system"
"FumikoFujisaki","tokyo"
"FumikoFujisaki","major"
"FumikoFujisaki","analyst"
"FumikoFujisaki","sueno"
"FumikoFujisaki","losses"
"FumikoFujisaki","sources"
"FumikoFujisaki","prices"
"FumikoFujisaki","march"
"FumikoFujisaki","pension"
"FumikoFujisaki","institutions"
"FumikoFujisaki","sector"
"FumikoFujisaki","corp"
"FumikoFujisaki","land"
"FumikoFujisaki","shares"
"GrahamEarnshaw","shanghai"
"GrahamEarnshaw","markets"
"GrahamEarnshaw","percent"
"GrahamEarnshaw","market"
"GrahamEarnshaw","share"
"GrahamEarnshaw","china"
"GrahamEarnshaw","foreign"
"GrahamEarnshaw","shares"
"GrahamEarnshaw","securities"
"GrahamEarnshaw","investors"
"GrahamEarnshaw","bank"
"GrahamEarnshaw","stock"
"GrahamEarnshaw","chinese"
"GrahamEarnshaw","shenzhen"
"GrahamEarnshaw","beijing"
"GrahamEarnshaw","trading"
"GrahamEarnshaw","analysts"
"GrahamEarnshaw","china's"
"GrahamEarnshaw","banks"
"GrahamEarnshaw","authorities"
"GrahamEarnshaw","index"
"GrahamEarnshaw","yuan"
"GrahamEarnshaw","local"
"GrahamEarnshaw","money"
"GrahamEarnshaw","futures"
"GrahamEarnshaw","analyst"
"GrahamEarnshaw","business"
"GrahamEarnshaw","exchanges"
"GrahamEarnshaw","official"
"GrahamEarnshaw","exchange"
"GrahamEarnshaw","investment"
"GrahamEarnshaw","currency"
"GrahamEarnshaw","funds"
"GrahamEarnshaw","companies"
"GrahamEarnshaw","domestic"
"GrahamEarnshaw","added"
"GrahamEarnshaw","city"
"GrahamEarnshaw","million"
"GrahamEarnshaw","prices"
"GrahamEarnshaw","hong"
"GrahamEarnshaw","broker"
"GrahamEarnshaw","brokers"
"GrahamEarnshaw","kong"
"GrahamEarnshaw","development"
"GrahamEarnshaw","monday"
"GrahamEarnshaw","past"
"GrahamEarnshaw","policy"
"GrahamEarnshaw","trader"
"GrahamEarnshaw","people"
"GrahamEarnshaw","shanghai's"
"HeatherScoffield","gold"
"HeatherScoffield","bre"
"HeatherScoffield","barrick"
"HeatherScoffield","company"
"HeatherScoffield","busang"
"HeatherScoffield","indonesian"
"HeatherScoffield","million"
"HeatherScoffield","government"
"HeatherScoffield","companies"
"HeatherScoffield","mining"
"HeatherScoffield","corp"
"HeatherScoffield","percent"
"HeatherScoffield","toronto"
"HeatherScoffield","exploration"
"HeatherScoffield","analysts"
"HeatherScoffield","stock"
"HeatherScoffield","analyst"
"HeatherScoffield","deposit"
"HeatherScoffield","deal"
"HeatherScoffield","based"
"HeatherScoffield","placer"
"HeatherScoffield","mines"
"HeatherScoffield","nickel"
"HeatherScoffield","price"
"HeatherScoffield","x's"
"HeatherScoffield","indonesia"
"HeatherScoffield","shareholders"
"HeatherScoffield","share"
"HeatherScoffield","ounces"
"HeatherScoffield","world's"
"HeatherScoffield","president"
"HeatherScoffield","dome"
"HeatherScoffield","reuters"
"HeatherScoffield","production"
"HeatherScoffield","copper"
"HeatherScoffield","earnings"
"HeatherScoffield","inco"
"HeatherScoffield","market"
"HeatherScoffield","quarter"
"HeatherScoffield","vancouver"
"HeatherScoffield","bay"
"HeatherScoffield","canadian"
"HeatherScoffield","prices"
"HeatherScoffield","property"
"HeatherScoffield","shares"
"HeatherScoffield","capital"
"HeatherScoffield","falconbridge"
"HeatherScoffield","resources"
"HeatherScoffield","major"
"HeatherScoffield","spokesman"
"JaneMacartney","china"
"JaneMacartney","chinese"
"JaneMacartney","china's"
"JaneMacartney","beijing"
"JaneMacartney","government"
"JaneMacartney","tibet"
"JaneMacartney","officials"
"JaneMacartney","wang"
"JaneMacartney","official"
"JaneMacartney","foreign"
"JaneMacartney","party"
"JaneMacartney","percent"
"JaneMacartney","trade"
"JaneMacartney","people"
"JaneMacartney","communist"
"JaneMacartney","democracy"
"JaneMacartney","lhasa"
"JaneMacartney","united"
"JaneMacartney","region"
"JaneMacartney","dalai"
"JaneMacartney","1997"
"JaneMacartney","world"
"JaneMacartney","wto"
"JaneMacartney","1989"
"JaneMacartney","liu"
"JaneMacartney","economic"
"JaneMacartney","political"
"JaneMacartney","rights"
"JaneMacartney","1995"
"JaneMacartney","labour"
"JaneMacartney","police"
"JaneMacartney","market"
"JaneMacartney","u.s"
"JaneMacartney","lama"
"JaneMacartney","human"
"JaneMacartney","million"
"JaneMacartney","week"
"JaneMacartney","leader"
"JaneMacartney","expected"
"JaneMacartney","law"
"JaneMacartney","dissidents"
"JaneMacartney","western"
"JaneMacartney","anti"
"JaneMacartney","court"
"JaneMacartney","meeting"
"JaneMacartney","talks"
"JaneMacartney","tibetan"
"JaneMacartney","billion"
"JaneMacartney","dissident"
"JaneMacartney","entry"
"JanLopatka","czech"
"JanLopatka","percent"
"JanLopatka","klaus"
"JanLopatka","billion"
"JanLopatka","bank"
"JanLopatka","crowns"
"JanLopatka","minister"
"JanLopatka","government"
"JanLopatka","told"
"JanLopatka","party"
"JanLopatka","a.s"
"JanLopatka","added"
"JanLopatka","prague"
"JanLopatka","social"
"JanLopatka","foreign"
"JanLopatka","lower"
"JanLopatka","cabinet"
"JanLopatka","vaclav"
"JanLopatka","prime"
"JanLopatka","crown"
"JanLopatka","prices"
"JanLopatka","stake"
"JanLopatka","elections"
"JanLopatka","central"
"JanLopatka","zeman"
"JanLopatka","banka"
"JanLopatka","month"
"JanLopatka","2"
"JanLopatka","banks"
"JanLopatka","coalition"
"JanLopatka","democrats"
"JanLopatka","privatisation"
"JanLopatka","budget"
"JanLopatka","house"
"JanLopatka","news"
"JanLopatka","trade"
"JanLopatka","market"
"JanLopatka","ods"
"JanLopatka","forecast"
"JanLopatka","senate"
"JanLopatka","havel"
"JanLopatka","inflation"
"JanLopatka","production"
"JanLopatka","0003"
"JanLopatka","42"
"JanLopatka","cnb"
"JanLopatka","domestic"
"JanLopatka","newsroom"
"JanLopatka","plan"
"JanLopatka","price"
"JimGilchrist","cargo"
"JimGilchrist","hong"
"JimGilchrist","kong"
"JimGilchrist","air"
"JimGilchrist","44"
"JimGilchrist","542"
"JimGilchrist","171"
"JimGilchrist","airlines"
"JimGilchrist","aircraft"
"JimGilchrist","airport"
"JimGilchrist","china"
"JimGilchrist","pacific"
"JimGilchrist","service"
"JimGilchrist","tel"
"JimGilchrist","freight"
"JimGilchrist","5017"
"JimGilchrist","fax"
"JimGilchrist","newsroom"
"JimGilchrist","flights"
"JimGilchrist","tonnes"
"JimGilchrist","7706"
"JimGilchrist","747"
"JimGilchrist","cathay"
"JimGilchrist","percent"
"JimGilchrist","cent"
"JimGilchrist","reuters"
"JimGilchrist","route"
"JimGilchrist","told"
"JimGilchrist","airline"
"JimGilchrist","rates"
"JimGilchrist","airways"
"JimGilchrist","routes"
"JimGilchrist","month"
"JimGilchrist","boeing"
"JimGilchrist","capacity"
"JimGilchrist","hk"
"JimGilchrist","international"
"JimGilchrist","market"
"JimGilchrist","week"
"JimGilchrist","increase"
"JimGilchrist","manager"
"JimGilchrist","added"
"JimGilchrist","extra"
"JimGilchrist","u.s"
"JimGilchrist","demand"
"JimGilchrist","freighter"
"JimGilchrist","fuel"
"JimGilchrist","october"
"JimGilchrist","space"
"JimGilchrist","airbus"
"JoeOrtiz","bank"
"JoeOrtiz","billion"
"JoeOrtiz","million"
"JoeOrtiz","pounds"
"JoeOrtiz","market"
"JoeOrtiz","percent"
"JoeOrtiz","business"
"JoeOrtiz","analysts"
"JoeOrtiz","banking"
"JoeOrtiz","banks"
"JoeOrtiz","company"
"JoeOrtiz","investment"
"JoeOrtiz","share"
"JoeOrtiz","lloyds"
"JoeOrtiz","stg"
"JoeOrtiz","time"
"JoeOrtiz","british"
"JoeOrtiz","management"
"JoeOrtiz","expected"
"JoeOrtiz","financial"
"JoeOrtiz","shareholders"
"JoeOrtiz","amp"
"JoeOrtiz","building"
"JoeOrtiz","eurotunnel"
"JoeOrtiz","shares"
"JoeOrtiz","debt"
"JoeOrtiz","money"
"JoeOrtiz","morgan"
"JoeOrtiz","societies"
"JoeOrtiz","britain's"
"JoeOrtiz","growth"
"JoeOrtiz","profit"
"JoeOrtiz","society"
"JoeOrtiz","barclays"
"JoeOrtiz","flotation"
"JoeOrtiz","halifax"
"JoeOrtiz","london"
"JoeOrtiz","pay"
"JoeOrtiz","price"
"JoeOrtiz","pence"
"JoeOrtiz","tax"
"JoeOrtiz","deal"
"JoeOrtiz","1"
"JoeOrtiz","rise"
"JoeOrtiz","appeal"
"JoeOrtiz","dividend"
"JoeOrtiz","markets"
"JoeOrtiz","chief"
"JoeOrtiz","companies"
"JoeOrtiz","fund"
"JohnMastrini","czech"
"JohnMastrini","percent"
"JohnMastrini","prague"
"JohnMastrini","government"
"JohnMastrini","party"
"JohnMastrini","bank"
"JohnMastrini","crown"
"JohnMastrini","foreign"
"JohnMastrini","senate"
"JohnMastrini","havel"
"JohnMastrini","market"
"JohnMastrini","coalition"
"JohnMastrini","klaus"
"JohnMastrini","billion"
"JohnMastrini","deficit"
"JohnMastrini","elections"
"JohnMastrini","house"
"JohnMastrini","trade"
"JohnMastrini","central"
"JohnMastrini","lower"
"JohnMastrini","president"
"JohnMastrini","told"
"JohnMastrini","minister"
"JohnMastrini","crowns"
"JohnMastrini","million"
"JohnMastrini","ministry"
"JohnMastrini","communist"
"JohnMastrini","vaclav"
"JohnMastrini","vote"
"JohnMastrini","social"
"JohnMastrini","capital"
"JohnMastrini","democrats"
"JohnMastrini","political"
"JohnMastrini","growth"
"JohnMastrini","klaus's"
"JohnMastrini","ods"
"JohnMastrini","1996"
"JohnMastrini","expected"
"JohnMastrini","post"
"JohnMastrini","analysts"
"JohnMastrini","majority"
"JohnMastrini","balance"
"JohnMastrini","banka"
"JohnMastrini","half"
"JohnMastrini","markets"
"JohnMastrini","salzmann"
"JohnMastrini","seats"
"JohnMastrini","czechs"
"JohnMastrini","declaration"
"JohnMastrini","parliament"
"JonathanBirt","million"
"JonathanBirt","percent"
"JonathanBirt","sales"
"JonathanBirt","market"
"JonathanBirt","british"
"JonathanBirt","plc"
"JonathanBirt","u.s"
"JonathanBirt","company"
"JonathanBirt","pence"
"JonathanBirt","drug"
"JonathanBirt","pounds"
"JonathanBirt","cancer"
"JonathanBirt","biotech"
"JonathanBirt","drugs"
"JonathanBirt","stg"
"JonathanBirt","analysts"
"JonathanBirt","1"
"JonathanBirt","product"
"JonathanBirt","companies"
"JonathanBirt","shares"
"JonathanBirt","share"
"JonathanBirt","billion"
"JonathanBirt","marimastat"
"JonathanBirt","price"
"JonathanBirt","profits"
"JonathanBirt","products"
"JonathanBirt","profit"
"JonathanBirt","added"
"JonathanBirt","business"
"JonathanBirt","amp"
"JonathanBirt","pound"
"JonathanBirt","zeneca"
"JonathanBirt","months"
"JonathanBirt","trials"
"JonathanBirt","patients"
"JonathanBirt","based"
"JonathanBirt","executive"
"JonathanBirt","reuters"
"JonathanBirt","chief"
"JonathanBirt","industry"
"JonathanBirt","results"
"JonathanBirt","treatment"
"JonathanBirt","chemicals"
"JonathanBirt","half"
"JonathanBirt","rise"
"JonathanBirt","analyst"
"JonathanBirt","growth"
"JonathanBirt","people"
"JonathanBirt","2"
"JonathanBirt","including"
"JoWinterbottom","pence"
"JoWinterbottom","company"
"JoWinterbottom","bid"
"JoWinterbottom","percent"
"JoWinterbottom","million"
"JoWinterbottom","electric"
"JoWinterbottom","analyst"
"JoWinterbottom","electricity"
"JoWinterbottom","share"
"JoWinterbottom","analysts"
"JoWinterbottom","price"
"JoWinterbottom","pounds"
"JoWinterbottom","market"
"JoWinterbottom","offer"
"JoWinterbottom","british"
"JoWinterbottom","u.s"
"JoWinterbottom","shares"
"JoWinterbottom","northern"
"JoWinterbottom","water"
"JoWinterbottom","1"
"JoWinterbottom","companies"
"JoWinterbottom","billion"
"JoWinterbottom","sector"
"JoWinterbottom","dividend"
"JoWinterbottom","profits"
"JoWinterbottom","bank"
"JoWinterbottom","ce"
"JoWinterbottom","sainsbury"
"JoWinterbottom","pound"
"JoWinterbottom","midlands"
"JoWinterbottom","business"
"JoWinterbottom","east"
"JoWinterbottom","half"
"JoWinterbottom","bids"
"JoWinterbottom","customers"
"JoWinterbottom","power"
"JoWinterbottom","recs"
"JoWinterbottom","based"
"JoWinterbottom","cable"
"JoWinterbottom","tax"
"JoWinterbottom","utilities"
"JoWinterbottom","added"
"JoWinterbottom","industry"
"JoWinterbottom","management"
"JoWinterbottom","move"
"JoWinterbottom","bskyb"
"JoWinterbottom","executive"
"JoWinterbottom","government"
"JoWinterbottom","london"
"JoWinterbottom","regional"
"KarlPenhaul","drug"
"KarlPenhaul","colombia"
"KarlPenhaul","colombia's"
"KarlPenhaul","government"
"KarlPenhaul","colombian"
"KarlPenhaul","u.s"
"KarlPenhaul","percent"
"KarlPenhaul","oil"
"KarlPenhaul","police"
"KarlPenhaul","coffee"
"KarlPenhaul","extradition"
"KarlPenhaul","congress"
"KarlPenhaul","guerrilla"
"KarlPenhaul","military"
"KarlPenhaul","chief"
"KarlPenhaul","late"
"KarlPenhaul","union"
"KarlPenhaul","united"
"KarlPenhaul","anti"
"KarlPenhaul","people"
"KarlPenhaul","war"
"KarlPenhaul","force"
"KarlPenhaul","samper"
"KarlPenhaul","medellin"
"KarlPenhaul","minister"
"KarlPenhaul","political"
"KarlPenhaul","guerrillas"
"KarlPenhaul","week"
"KarlPenhaul","terms"
"KarlPenhaul","uso"
"KarlPenhaul","bp"
"KarlPenhaul","farc"
"KarlPenhaul","national"
"KarlPenhaul","cocaine"
"KarlPenhaul","country's"
"KarlPenhaul","leftist"
"KarlPenhaul","paramilitary"
"KarlPenhaul","workers"
"KarlPenhaul","attack"
"KarlPenhaul","contract"
"KarlPenhaul","foreign"
"KarlPenhaul","president"
"KarlPenhaul","told"
"KarlPenhaul","head"
"KarlPenhaul","province"
"KarlPenhaul","thursday"
"KarlPenhaul","armed"
"KarlPenhaul","cut"
"KarlPenhaul","million"
"KarlPenhaul","rebels"
"KeithWeir","million"
"KeithWeir","pounds"
"KeithWeir","percent"
"KeithWeir","company"
"KeithWeir","television"
"KeithWeir","british"
"KeithWeir","united"
"KeithWeir","market"
"KeithWeir","deal"
"KeithWeir","media"
"KeithWeir","digital"
"KeithWeir","mci"
"KeithWeir","bt"
"KeithWeir","executive"
"KeithWeir","billion"
"KeithWeir","analysts"
"KeithWeir","pay"
"KeithWeir","pearson"
"KeithWeir","news"
"KeithWeir","1"
"KeithWeir","bskyb"
"KeithWeir","shares"
"KeithWeir","bbc"
"KeithWeir","chief"
"KeithWeir","u.s"
"KeithWeir","channels"
"KeithWeir","services"
"KeithWeir","business"
"KeithWeir","share"
"KeithWeir","licence"
"KeithWeir","amp"
"KeithWeir","companies"
"KeithWeir","pound"
"KeithWeir","stake"
"KeithWeir","granada"
"KeithWeir","recent"
"KeithWeir","blenheim"
"KeithWeir","international"
"KeithWeir","largest"
"KeithWeir","profit"
"KeithWeir","bid"
"KeithWeir","channel"
"KeithWeir","corp"
"KeithWeir","financial"
"KeithWeir","industry"
"KeithWeir","london"
"KeithWeir","britain's"
"KeithWeir","club"
"KeithWeir","fee"
"KeithWeir","satellite"
"KevinDrawbaugh","sales"
"KevinDrawbaugh","quarter"
"KevinDrawbaugh","analysts"
"KevinDrawbaugh","percent"
"KevinDrawbaugh","company"
"KevinDrawbaugh","million"
"KevinDrawbaugh","analyst"
"KevinDrawbaugh","based"
"KevinDrawbaugh","u.s"
"KevinDrawbaugh","earnings"
"KevinDrawbaugh","amp"
"KevinDrawbaugh","share"
"KevinDrawbaugh","companies"
"KevinDrawbaugh","business"
"KevinDrawbaugh","corp"
"KevinDrawbaugh","shares"
"KevinDrawbaugh","industry"
"KevinDrawbaugh","expected"
"KevinDrawbaugh","stock"
"KevinDrawbaugh","medical"
"KevinDrawbaugh","growth"
"KevinDrawbaugh","market"
"KevinDrawbaugh","st"
"KevinDrawbaugh","drug"
"KevinDrawbaugh","health"
"KevinDrawbaugh","united"
"KevinDrawbaugh","1"
"KevinDrawbaugh","fourth"
"KevinDrawbaugh","billion"
"KevinDrawbaugh","car"
"KevinDrawbaugh","chicago"
"KevinDrawbaugh","rental"
"KevinDrawbaugh","alexander"
"KevinDrawbaugh","1995"
"KevinDrawbaugh","1996"
"KevinDrawbaugh","ago"
"KevinDrawbaugh","healthcare"
"KevinDrawbaugh","systems"
"KevinDrawbaugh","time"
"KevinDrawbaugh","aon"
"KevinDrawbaugh","deal"
"KevinDrawbaugh","profits"
"KevinDrawbaugh","8"
"KevinDrawbaugh","street"
"KevinDrawbaugh","jude"
"KevinDrawbaugh","products"
"KevinDrawbaugh","profit"
"KevinDrawbaugh","results"
"KevinDrawbaugh","1997"
"KevinDrawbaugh","3"
"KevinMorrison","million"
"KevinMorrison","percent"
"KevinMorrison","australian"
"KevinMorrison","analysts"
"KevinMorrison","sydney"
"KevinMorrison","profit"
"KevinMorrison","news"
"KevinMorrison","1996"
"KevinMorrison","market"
"KevinMorrison","billion"
"KevinMorrison","share"
"KevinMorrison","corp"
"KevinMorrison","oil"
"KevinMorrison","analyst"
"KevinMorrison","australia"
"KevinMorrison","highlands"
"KevinMorrison","gold"
"KevinMorrison","bank"
"KevinMorrison","casino"
"KevinMorrison","shares"
"KevinMorrison","placer"
"KevinMorrison","asia"
"KevinMorrison","half"
"KevinMorrison","based"
"KevinMorrison","net"
"KevinMorrison","sector"
"KevinMorrison","cents"
"KevinMorrison","gas"
"KevinMorrison","told"
"KevinMorrison","u.s"
"KevinMorrison","australia's"
"KevinMorrison","pacific"
"KevinMorrison","plans"
"KevinMorrison","companies"
"KevinMorrison","growth"
"KevinMorrison","months"
"KevinMorrison","qantas"
"KevinMorrison","1995"
"KevinMorrison","30"
"KevinMorrison","assets"
"KevinMorrison","price"
"KevinMorrison","prices"
"KevinMorrison","2"
"KevinMorrison","expected"
"KevinMorrison","industry"
"KevinMorrison","stake"
"KevinMorrison","1997"
"KevinMorrison","bid"
"KevinMorrison","company"
"KevinMorrison","reuters"
"KirstinRidley","bt"
"KirstinRidley","percent"
"KirstinRidley","market"
"KirstinRidley","million"
"KirstinRidley","telecoms"
"KirstinRidley","mci"
"KirstinRidley","billion"
"KirstinRidley","british"
"KirstinRidley","company"
"KirstinRidley","pounds"
"KirstinRidley","u.s"
"KirstinRidley","deal"
"KirstinRidley","analysts"
"KirstinRidley","companies"
"KirstinRidley","pence"
"KirstinRidley","share"
"KirstinRidley","international"
"KirstinRidley","amp"
"KirstinRidley","merger"
"KirstinRidley","shares"
"KirstinRidley","growth"
"KirstinRidley","ntt"
"KirstinRidley","pound"
"KirstinRidley","cable"
"KirstinRidley","services"
"KirstinRidley","world's"
"KirstinRidley","business"
"KirstinRidley","telecom"
"KirstinRidley","telecommunications"
"KirstinRidley","concert"
"KirstinRidley","markets"
"KirstinRidley","analyst"
"KirstinRidley","price"
"KirstinRidley","biggest"
"KirstinRidley","20"
"KirstinRidley","profits"
"KirstinRidley","global"
"KirstinRidley","largest"
"KirstinRidley","telephone"
"KirstinRidley","told"
"KirstinRidley","bt's"
"KirstinRidley","communications"
"KirstinRidley","electricity"
"KirstinRidley","mobile"
"KirstinRidley","1"
"KirstinRidley","london"
"KirstinRidley","plans"
"KirstinRidley","reuters"
"KirstinRidley","america's"
"KirstinRidley","britain's"
"KouroshKarimkhany","apple"
"KouroshKarimkhany","software"
"KouroshKarimkhany","quarter"
"KouroshKarimkhany","computer"
"KouroshKarimkhany","company"
"KouroshKarimkhany","million"
"KouroshKarimkhany","corp"
"KouroshKarimkhany","microsoft"
"KouroshKarimkhany","analysts"
"KouroshKarimkhany","sales"
"KouroshKarimkhany","apple's"
"KouroshKarimkhany","computers"
"KouroshKarimkhany","share"
"KouroshKarimkhany","based"
"KouroshKarimkhany","expected"
"KouroshKarimkhany","macintosh"
"KouroshKarimkhany","cents"
"KouroshKarimkhany","technology"
"KouroshKarimkhany","percent"
"KouroshKarimkhany","business"
"KouroshKarimkhany","operating"
"KouroshKarimkhany","revenue"
"KouroshKarimkhany","financial"
"KouroshKarimkhany","loss"
"KouroshKarimkhany","ago"
"KouroshKarimkhany","companies"
"KouroshKarimkhany","industry"
"KouroshKarimkhany","analyst"
"KouroshKarimkhany","customers"
"KouroshKarimkhany","machines"
"KouroshKarimkhany","market"
"KouroshKarimkhany","billion"
"KouroshKarimkhany","personal"
"KouroshKarimkhany","system"
"KouroshKarimkhany","fiscal"
"KouroshKarimkhany","jobs"
"KouroshKarimkhany","oracle"
"KouroshKarimkhany","pc"
"KouroshKarimkhany","windows"
"KouroshKarimkhany","amelio"
"KouroshKarimkhany","corporate"
"KouroshKarimkhany","intuit"
"KouroshKarimkhany","fourth"
"KouroshKarimkhany","chief"
"KouroshKarimkhany","informix"
"KouroshKarimkhany","products"
"KouroshKarimkhany","stock"
"KouroshKarimkhany","biggest"
"KouroshKarimkhany","executives"
"KouroshKarimkhany","pcs"
"LydiaZajc","shares"
"LydiaZajc","stocks"
"LydiaZajc","million"
"LydiaZajc","gold"
"LydiaZajc","toronto"
"LydiaZajc","billion"
"LydiaZajc","index"
"LydiaZajc","percent"
"LydiaZajc","market"
"LydiaZajc","toronto's"
"LydiaZajc","bank"
"LydiaZajc","stock"
"LydiaZajc","canadian"
"LydiaZajc","300"
"LydiaZajc","close"
"LydiaZajc","canada's"
"LydiaZajc","canada"
"LydiaZajc","issues"
"LydiaZajc","rose"
"LydiaZajc","corp"
"LydiaZajc","key"
"LydiaZajc","bre"
"LydiaZajc","trading"
"LydiaZajc","barrick"
"LydiaZajc","fell"
"LydiaZajc","analysts"
"LydiaZajc","composite"
"LydiaZajc","products"
"LydiaZajc","traded"
"LydiaZajc","largest"
"LydiaZajc","lost"
"LydiaZajc","u.s"
"LydiaZajc","14"
"LydiaZajc","investors"
"LydiaZajc","banks"
"LydiaZajc","worth"
"LydiaZajc","indices"
"LydiaZajc","record"
"LydiaZajc","golds"
"LydiaZajc","analyst"
"LydiaZajc","day"
"LydiaZajc","firm"
"LydiaZajc","led"
"LydiaZajc","exchange"
"LydiaZajc","active"
"LydiaZajc","declining"
"LydiaZajc","president"
"LydiaZajc","prices"
"LydiaZajc","financial"
"LydiaZajc","jumped"
"LynneO'Donnell","china"
"LynneO'Donnell","chinese"
"LynneO'Donnell","tonnes"
"LynneO'Donnell","u.s"
"LynneO'Donnell","traders"
"LynneO'Donnell","million"
"LynneO'Donnell","hong"
"LynneO'Donnell","copper"
"LynneO'Donnell","kong"
"LynneO'Donnell","poultry"
"LynneO'Donnell","market"
"LynneO'Donnell","prices"
"LynneO'Donnell","china's"
"LynneO'Donnell","tonne"
"LynneO'Donnell","industry"
"LynneO'Donnell","price"
"LynneO'Donnell","imports"
"LynneO'Donnell","trader"
"LynneO'Donnell","sources"
"LynneO'Donnell","source"
"LynneO'Donnell","ban"
"LynneO'Donnell","trading"
"LynneO'Donnell","official"
"LynneO'Donnell","beijing"
"LynneO'Donnell","lme"
"LynneO'Donnell","metal"
"LynneO'Donnell","1995"
"LynneO'Donnell","percent"
"LynneO'Donnell","officials"
"LynneO'Donnell","import"
"LynneO'Donnell","grain"
"LynneO'Donnell","corn"
"LynneO'Donnell","shanghai"
"LynneO'Donnell","sugar"
"LynneO'Donnell","1996"
"LynneO'Donnell","export"
"LynneO'Donnell","exports"
"LynneO'Donnell","soybean"
"LynneO'Donnell","trade"
"LynneO'Donnell","world"
"LynneO'Donnell","domestic"
"LynneO'Donnell","total"
"LynneO'Donnell","crop"
"LynneO'Donnell","people"
"LynneO'Donnell","months"
"LynneO'Donnell","reuters"
"LynneO'Donnell","hpai"
"LynneO'Donnell","yuan"
"LynneO'Donnell","expected"
"LynneO'Donnell","figures"
"LynnleyBrowning","oil"
"LynnleyBrowning","russian"
"LynnleyBrowning","russia"
"LynnleyBrowning","russia's"
"LynnleyBrowning","output"
"LynnleyBrowning","percent"
"LynnleyBrowning","million"
"LynnleyBrowning","tonnes"
"LynnleyBrowning","moscow"
"LynnleyBrowning","western"
"LynnleyBrowning","domestic"
"LynnleyBrowning","energy"
"LynnleyBrowning","export"
"LynnleyBrowning","industry"
"LynnleyBrowning","world"
"LynnleyBrowning","1996"
"LynnleyBrowning","market"
"LynnleyBrowning","company"
"LynnleyBrowning","production"
"LynnleyBrowning","companies"
"LynnleyBrowning","government"
"LynnleyBrowning","exports"
"LynnleyBrowning","grain"
"LynnleyBrowning","prices"
"LynnleyBrowning","billion"
"LynnleyBrowning","gas"
"LynnleyBrowning","de"
"LynnleyBrowning","beers"
"LynnleyBrowning","deal"
"LynnleyBrowning","officials"
"LynnleyBrowning","aluminium"
"LynnleyBrowning","reserves"
"LynnleyBrowning","markets"
"LynnleyBrowning","sources"
"LynnleyBrowning","foreign"
"LynnleyBrowning","1997"
"LynnleyBrowning","pipeline"
"LynnleyBrowning","1995"
"LynnleyBrowning","producers"
"LynnleyBrowning","london"
"LynnleyBrowning","metals"
"LynnleyBrowning","minister"
"LynnleyBrowning","analysts"
"LynnleyBrowning","deals"
"LynnleyBrowning","largest"
"LynnleyBrowning","producer"
"LynnleyBrowning","ministry"
"LynnleyBrowning","source"
"LynnleyBrowning","soviet"
"LynnleyBrowning","world's"
"MarcelMichelson","french"
"MarcelMichelson","air"
"MarcelMichelson","france"
"MarcelMichelson","francs"
"MarcelMichelson","percent"
"MarcelMichelson","thomson"
"MarcelMichelson","billion"
"MarcelMichelson","company"
"MarcelMichelson","liberte"
"MarcelMichelson","million"
"MarcelMichelson","market"
"MarcelMichelson","telecom"
"MarcelMichelson","lagardere"
"MarcelMichelson","government"
"MarcelMichelson","daewoo"
"MarcelMichelson","franc"
"MarcelMichelson","chairman"
"MarcelMichelson","bid"
"MarcelMichelson","electronics"
"MarcelMichelson","multimedia"
"MarcelMichelson","commission"
"MarcelMichelson","owned"
"MarcelMichelson","stake"
"MarcelMichelson","share"
"MarcelMichelson","deal"
"MarcelMichelson","1997"
"MarcelMichelson","paris"
"MarcelMichelson","privatisation"
"MarcelMichelson","unit"
"MarcelMichelson","european"
"MarcelMichelson","profit"
"MarcelMichelson","rivaud"
"MarcelMichelson","sale"
"MarcelMichelson","defence"
"MarcelMichelson","aom"
"MarcelMichelson","british"
"MarcelMichelson","expected"
"MarcelMichelson","industry"
"MarcelMichelson","sa"
"MarcelMichelson","financial"
"MarcelMichelson","rhone"
"MarcelMichelson","told"
"MarcelMichelson","1996"
"MarcelMichelson","capital"
"MarcelMichelson","airline"
"MarcelMichelson","alcatel"
"MarcelMichelson","decision"
"MarcelMichelson","sell"
"MarcelMichelson","1995"
"MarcelMichelson","domestic"
"MarkBendeich","million"
"MarkBendeich","percent"
"MarkBendeich","profit"
"MarkBendeich","australian"
"MarkBendeich","steel"
"MarkBendeich","told"
"MarkBendeich","price"
"MarkBendeich","market"
"MarkBendeich","national"
"MarkBendeich","asia"
"MarkBendeich","earnings"
"MarkBendeich","bhp"
"MarkBendeich","prices"
"MarkBendeich","analyst"
"MarkBendeich","half"
"MarkBendeich","copper"
"MarkBendeich","mutual"
"MarkBendeich","1996"
"MarkBendeich","1995"
"MarkBendeich","australia"
"MarkBendeich","net"
"MarkBendeich","share"
"MarkBendeich","foster's"
"MarkBendeich","melbourne"
"MarkBendeich","australia's"
"MarkBendeich","reuters"
"MarkBendeich","billion"
"MarkBendeich","quarter"
"MarkBendeich","months"
"MarkBendeich","result"
"MarkBendeich","analysts"
"MarkBendeich","company"
"MarkBendeich","cents"
"MarkBendeich","group's"
"MarkBendeich","growth"
"MarkBendeich","sales"
"MarkBendeich","added"
"MarkBendeich","expected"
"MarkBendeich","shares"
"MarkBendeich","major"
"MarkBendeich","96"
"MarkBendeich","annual"
"MarkBendeich","stock"
"MarkBendeich","abnormal"
"MarkBendeich","based"
"MarkBendeich","monday"
"MarkBendeich","biggest"
"MarkBendeich","demand"
"MarkBendeich","retail"
"MarkBendeich","china"
"MartinWolk","company"
"MartinWolk","boeing"
"MartinWolk","percent"
"MartinWolk","microsoft"
"MartinWolk","billion"
"MartinWolk","analysts"
"MartinWolk","corp"
"MartinWolk","quarter"
"MartinWolk","windows"
"MartinWolk","million"
"MartinWolk","sales"
"MartinWolk","share"
"MartinWolk","expected"
"MartinWolk","market"
"MartinWolk","business"
"MartinWolk","earnings"
"MartinWolk","company's"
"MartinWolk","stock"
"MartinWolk","95"
"MartinWolk","mcdonnell"
"MartinWolk","analyst"
"MartinWolk","industry"
"MartinWolk","airbus"
"MartinWolk","douglas"
"MartinWolk","software"
"MartinWolk","jets"
"MartinWolk","revenues"
"MartinWolk","operating"
"MartinWolk","computer"
"MartinWolk","fiscal"
"MartinWolk","office"
"MartinWolk","boeing's"
"MartinWolk","cents"
"MartinWolk","growth"
"MartinWolk","internet"
"MartinWolk","commercial"
"MartinWolk","jet"
"MartinWolk","microsoft's"
"MartinWolk","system"
"MartinWolk","30"
"MartinWolk","chairman"
"MartinWolk","officials"
"MartinWolk","executives"
"MartinWolk","deal"
"MartinWolk","nt"
"MartinWolk","chief"
"MartinWolk","condit"
"MartinWolk","747"
"MartinWolk","based"
"MartinWolk","including"
"MatthewBunce","cocoa"
"MatthewBunce","tonnes"
"MatthewBunce","exporters"
"MatthewBunce","ivory"
"MatthewBunce","percent"
"MatthewBunce","crop"
"MatthewBunce","1996"
"MatthewBunce","97"
"MatthewBunce","coffee"
"MatthewBunce","quality"
"MatthewBunce","90"
"MatthewBunce","coast"
"MatthewBunce","abidjan"
"MatthewBunce","reuters"
"MatthewBunce","buyers"
"MatthewBunce","december"
"MatthewBunce","export"
"MatthewBunce","told"
"MatthewBunce","caistab"
"MatthewBunce","prices"
"MatthewBunce","november"
"MatthewBunce","expected"
"MatthewBunce","world"
"MatthewBunce","arrivals"
"MatthewBunce","marketing"
"MatthewBunce","season"
"MatthewBunce","january"
"MatthewBunce","port"
"MatthewBunce","1995"
"MatthewBunce","exporter"
"MatthewBunce","cfa"
"MatthewBunce","rates"
"MatthewBunce","added"
"MatthewBunce","san"
"MatthewBunce","farmers"
"MatthewBunce","mid"
"MatthewBunce","million"
"MatthewBunce","pedro"
"MatthewBunce","industry"
"MatthewBunce","price"
"MatthewBunce","rains"
"MatthewBunce","96"
"MatthewBunce","coast's"
"MatthewBunce","october"
"MatthewBunce","shipping"
"MatthewBunce","week"
"MatthewBunce","21"
"MatthewBunce","market"
"MatthewBunce","set"
"MatthewBunce","225"
"MichaelConnor","tobacco"
"MichaelConnor","million"
"MichaelConnor","company"
"MichaelConnor","percent"
"MichaelConnor","industry"
"MichaelConnor","florida"
"MichaelConnor","time"
"MichaelConnor","television"
"MichaelConnor","companies"
"MichaelConnor","cable"
"MichaelConnor","news"
"MichaelConnor","billion"
"MichaelConnor","trial"
"MichaelConnor","deal"
"MichaelConnor","corp"
"MichaelConnor","u.s"
"MichaelConnor","executives"
"MichaelConnor","quick"
"MichaelConnor","stock"
"MichaelConnor","sales"
"MichaelConnor","warner"
"MichaelConnor","market"
"MichaelConnor","lawyers"
"MichaelConnor","smoking"
"MichaelConnor","york"
"MichaelConnor","amp"
"MichaelConnor","silver"
"MichaelConnor","suit"
"MichaelConnor","latin"
"MichaelConnor","cigarette"
"MichaelConnor","executive"
"MichaelConnor","king"
"MichaelConnor","miami"
"MichaelConnor","chairman"
"MichaelConnor","costs"
"MichaelConnor","documents"
"MichaelConnor","1"
"MichaelConnor","dunlap"
"MichaelConnor","united"
"MichaelConnor","claims"
"MichaelConnor","america"
"MichaelConnor","rosenblatt"
"MichaelConnor","business"
"MichaelConnor","court"
"MichaelConnor","network"
"MichaelConnor","o'reilly"
"MichaelConnor","action"
"MichaelConnor","businesses"
"MichaelConnor","car"
"MichaelConnor","class"
"MureDickie","china"
"MureDickie","chinese"
"MureDickie","beijing"
"MureDickie","u.s"
"MureDickie","china's"
"MureDickie","officials"
"MureDickie","wang"
"MureDickie","foreign"
"MureDickie","official"
"MureDickie","trade"
"MureDickie","rights"
"MureDickie","human"
"MureDickie","taiwan"
"MureDickie","percent"
"MureDickie","beijing's"
"MureDickie","united"
"MureDickie","washington"
"MureDickie","ties"
"MureDickie","told"
"MureDickie","million"
"MureDickie","news"
"MureDickie","sino"
"MureDickie","hong"
"MureDickie","trial"
"MureDickie","kong"
"MureDickie","billion"
"MureDickie","economic"
"MureDickie","market"
"MureDickie","people"
"MureDickie","world"
"MureDickie","relations"
"MureDickie","communist"
"MureDickie","dan"
"MureDickie","democracy"
"MureDickie","government"
"MureDickie","international"
"MureDickie","dissident"
"MureDickie","nuclear"
"MureDickie","court"
"MureDickie","family"
"MureDickie","pro"
"MureDickie","wednesday"
"MureDickie","1995"
"MureDickie","xinhua"
"MureDickie","aids"
"MureDickie","arms"
"MureDickie","leader"
"MureDickie","prison"
"MureDickie","boost"
"MureDickie","meeting"
"NickLouth","amp"
"NickLouth","mci"
"NickLouth","percent"
"NickLouth","corp"
"NickLouth","market"
"NickLouth","company"
"NickLouth","billion"
"NickLouth","analysts"
"NickLouth","distance"
"NickLouth","communications"
"NickLouth","u.s"
"NickLouth","share"
"NickLouth","british"
"NickLouth","deal"
"NickLouth","local"
"NickLouth","stock"
"NickLouth","services"
"NickLouth","telecom"
"NickLouth","chief"
"NickLouth","sprint"
"NickLouth","telecommunications"
"NickLouth","business"
"NickLouth","allen"
"NickLouth","executive"
"NickLouth","bt"
"NickLouth","worldcom"
"NickLouth","earnings"
"NickLouth","mfs"
"NickLouth","companies"
"NickLouth","quarter"
"NickLouth","walter"
"NickLouth","customers"
"NickLouth","million"
"NickLouth","industry"
"NickLouth","service"
"NickLouth","chairman"
"NickLouth","network"
"NickLouth","growth"
"NickLouth","regional"
"NickLouth","analyst"
"NickLouth","concert"
"NickLouth","markets"
"NickLouth","telephone"
"NickLouth","bells"
"NickLouth","internet"
"NickLouth","shares"
"NickLouth","told"
"NickLouth","york"
"NickLouth","wireless"
"NickLouth","calling"
"PatriciaCommins","adm"
"PatriciaCommins","company"
"PatriciaCommins","million"
"PatriciaCommins","u.s"
"PatriciaCommins","quarter"
"PatriciaCommins","percent"
"PatriciaCommins","analysts"
"PatriciaCommins","analyst"
"PatriciaCommins","business"
"PatriciaCommins","sales"
"PatriciaCommins","mcdonald's"
"PatriciaCommins","andreas"
"PatriciaCommins","earnings"
"PatriciaCommins","expected"
"PatriciaCommins","share"
"PatriciaCommins","added"
"PatriciaCommins","billion"
"PatriciaCommins","chairman"
"PatriciaCommins","whitacre"
"PatriciaCommins","market"
"PatriciaCommins","board"
"PatriciaCommins","monsanto"
"PatriciaCommins","corn"
"PatriciaCommins","stock"
"PatriciaCommins","investigation"
"PatriciaCommins","food"
"PatriciaCommins","quaker"
"PatriciaCommins","kellogg"
"PatriciaCommins","adm's"
"PatriciaCommins","businesses"
"PatriciaCommins","price"
"PatriciaCommins","cereal"
"PatriciaCommins","chemical"
"PatriciaCommins","united"
"PatriciaCommins","comment"
"PatriciaCommins","fixing"
"PatriciaCommins","president"
"PatriciaCommins","meeting"
"PatriciaCommins","michael"
"PatriciaCommins","chicago"
"PatriciaCommins","based"
"PatriciaCommins","operating"
"PatriciaCommins","antitrust"
"PatriciaCommins","shareholders"
"PatriciaCommins","1996"
"PatriciaCommins","snapple"
"PatriciaCommins","vice"
"PatriciaCommins","prices"
"PatriciaCommins","securities"
"PatriciaCommins","pay"
"PeterHumphrey","hong"
"PeterHumphrey","kong"
"PeterHumphrey","china"
"PeterHumphrey","tung"
"PeterHumphrey","chinese"
"PeterHumphrey","kong's"
"PeterHumphrey","beijing"
"PeterHumphrey","legislature"
"PeterHumphrey","british"
"PeterHumphrey","people"
"PeterHumphrey","britain"
"PeterHumphrey","democracy"
"PeterHumphrey","handover"
"PeterHumphrey","committee"
"PeterHumphrey","pro"
"PeterHumphrey","china's"
"PeterHumphrey","colonial"
"PeterHumphrey","chief"
"PeterHumphrey","law"
"PeterHumphrey","provisional"
"PeterHumphrey","party"
"PeterHumphrey","government"
"PeterHumphrey","patten"
"PeterHumphrey","1997"
"PeterHumphrey","rule"
"PeterHumphrey","political"
"PeterHumphrey","territory"
"PeterHumphrey","leader"
"PeterHumphrey","selection"
"PeterHumphrey","percent"
"PeterHumphrey","democratic"
"PeterHumphrey","body"
"PeterHumphrey","executive"
"PeterHumphrey","post"
"PeterHumphrey","yang"
"PeterHumphrey","july"
"PeterHumphrey","communist"
"PeterHumphrey","elected"
"PeterHumphrey","lee"
"PeterHumphrey","wednesday"
"PeterHumphrey","future"
"PeterHumphrey","told"
"PeterHumphrey","governor"
"PeterHumphrey","business"
"PeterHumphrey","rights"
"PeterHumphrey","colony"
"PeterHumphrey","chris"
"PeterHumphrey","june"
"PeterHumphrey","legislative"
"PeterHumphrey","million"
"PierreTran","airbus"
"PierreTran","billion"
"PierreTran","francs"
"PierreTran","french"
"PierreTran","percent"
"PierreTran","million"
"PierreTran","company"
"PierreTran","france"
"PierreTran","boeing"
"PierreTran","air"
"PierreTran","market"
"PierreTran","thomson"
"PierreTran","u.s"
"PierreTran","aerospace"
"PierreTran","aircraft"
"PierreTran","european"
"PierreTran","eurotunnel"
"PierreTran","debt"
"PierreTran","share"
"PierreTran","aerospatiale"
"PierreTran","sales"
"PierreTran","industry"
"PierreTran","loss"
"PierreTran","financial"
"PierreTran","merger"
"PierreTran","british"
"PierreTran","chairman"
"PierreTran","partners"
"PierreTran","future"
"PierreTran","government"
"PierreTran","csf"
"PierreTran","companies"
"PierreTran","defence"
"PierreTran","owned"
"PierreTran","told"
"PierreTran","1996"
"PierreTran","des"
"PierreTran","fire"
"PierreTran","plane"
"PierreTran","restructuring"
"PierreTran","shares"
"PierreTran","profit"
"PierreTran","consortium"
"PierreTran","paris"
"PierreTran","planes"
"PierreTran","tunnel"
"PierreTran","france's"
"PierreTran","airline"
"PierreTran","due"
"PierreTran","expected"
"RobinSidel","conrail"
"RobinSidel","csx"
"RobinSidel","norfolk"
"RobinSidel","stock"
"RobinSidel","offer"
"RobinSidel","southern"
"RobinSidel","transaction"
"RobinSidel","deal"
"RobinSidel","company"
"RobinSidel","share"
"RobinSidel","shareholders"
"RobinSidel","industry"
"RobinSidel","shares"
"RobinSidel","corp"
"RobinSidel","percent"
"RobinSidel","bid"
"RobinSidel","cash"
"RobinSidel","companies"
"RobinSidel","billion"
"RobinSidel","based"
"RobinSidel","merger"
"RobinSidel","million"
"RobinSidel","analysts"
"RobinSidel","proposed"
"RobinSidel","business"
"RobinSidel","buy"
"RobinSidel","expected"
"RobinSidel","investors"
"RobinSidel","acquisition"
"RobinSidel","ashland"
"RobinSidel","pact"
"RobinSidel","price"
"RobinSidel","announced"
"RobinSidel","company's"
"RobinSidel","potential"
"RobinSidel","experts"
"RobinSidel","security"
"RobinSidel","board"
"RobinSidel","market"
"RobinSidel","terms"
"RobinSidel","usair"
"RobinSidel","adt"
"RobinSidel","agreement"
"RobinSidel","amp"
"RobinSidel","food"
"RobinSidel","earlier"
"RobinSidel","revco"
"RobinSidel","sources"
"RobinSidel","british"
"RobinSidel","declined"
"RogerFillion","fcc"
"RogerFillion","tv"
"RogerFillion","phone"
"RogerFillion","local"
"RogerFillion","carriers"
"RogerFillion","companies"
"RogerFillion","distance"
"RogerFillion","rules"
"RogerFillion","communications"
"RogerFillion","service"
"RogerFillion","market"
"RogerFillion","court"
"RogerFillion","corp"
"RogerFillion","federal"
"RogerFillion","system"
"RogerFillion","amp"
"RogerFillion","regulators"
"RogerFillion","u.s"
"RogerFillion","rates"
"RogerFillion","law"
"RogerFillion","calls"
"RogerFillion","industry"
"RogerFillion","ratings"
"RogerFillion","competition"
"RogerFillion","billion"
"RogerFillion","commission"
"RogerFillion","percent"
"RogerFillion","officials"
"RogerFillion","based"
"RogerFillion","president"
"RogerFillion","telecommunications"
"RogerFillion","cable"
"RogerFillion","foreign"
"RogerFillion","consumers"
"RogerFillion","services"
"RogerFillion","bells"
"RogerFillion","pay"
"RogerFillion","government"
"RogerFillion","plan"
"RogerFillion","prices"
"RogerFillion","networks"
"RogerFillion","appeals"
"RogerFillion","expected"
"RogerFillion","set"
"RogerFillion","united"
"RogerFillion","american"
"RogerFillion","chairman"
"RogerFillion","cellular"
"RogerFillion","offer"
"RogerFillion","fcc's"
"SamuelPerry","internet"
"SamuelPerry","million"
"SamuelPerry","market"
"SamuelPerry","computer"
"SamuelPerry","corp"
"SamuelPerry","quarter"
"SamuelPerry","technology"
"SamuelPerry","percent"
"SamuelPerry","software"
"SamuelPerry","company"
"SamuelPerry","companies"
"SamuelPerry","industry"
"SamuelPerry","web"
"SamuelPerry","microsoft"
"SamuelPerry","billion"
"SamuelPerry","analysts"
"SamuelPerry","executives"
"SamuelPerry","netscape"
"SamuelPerry","venture"
"SamuelPerry","based"
"SamuelPerry","people"
"SamuelPerry","sun"
"SamuelPerry","share"
"SamuelPerry","executive"
"SamuelPerry","products"
"SamuelPerry","chief"
"SamuelPerry","systems"
"SamuelPerry","stock"
"SamuelPerry","business"
"SamuelPerry","network"
"SamuelPerry","product"
"SamuelPerry","sites"
"SamuelPerry","data"
"SamuelPerry","corporate"
"SamuelPerry","information"
"SamuelPerry","tech"
"SamuelPerry","customers"
"SamuelPerry","machines"
"SamuelPerry","months"
"SamuelPerry","users"
"SamuelPerry","ago"
"SamuelPerry","including"
"SamuelPerry","price"
"SamuelPerry","sales"
"SamuelPerry","time"
"SamuelPerry","u.s"
"SamuelPerry","expected"
"SamuelPerry","investment"
"SamuelPerry","president"
"SamuelPerry","1996"
"SarahDavison","hong"
"SarahDavison","kong"
"SarahDavison","percent"
"SarahDavison","china"
"SarahDavison","fund"
"SarahDavison","funds"
"SarahDavison","market"
"SarahDavison","investment"
"SarahDavison","management"
"SarahDavison","kong's"
"SarahDavison","economic"
"SarahDavison","foreign"
"SarahDavison","asia"
"SarahDavison","chinese"
"SarahDavison","mutual"
"SarahDavison","domestic"
"SarahDavison","billion"
"SarahDavison","markets"
"SarahDavison","china's"
"SarahDavison","government"
"SarahDavison","stock"
"SarahDavison","week"
"SarahDavison","jardine"
"SarahDavison","asian"
"SarahDavison","bank"
"SarahDavison","fleming"
"SarahDavison","growth"
"SarahDavison","investors"
"SarahDavison","financial"
"SarahDavison","director"
"SarahDavison","economy"
"SarahDavison","term"
"SarahDavison","industry"
"SarahDavison","central"
"SarahDavison","time"
"SarahDavison","u.s"
"SarahDavison","capital"
"SarahDavison","international"
"SarahDavison","managers"
"SarahDavison","power"
"SarahDavison","1997"
"SarahDavison","chief"
"SarahDavison","companies"
"SarahDavison","people"
"SarahDavison","rates"
"SarahDavison","sector"
"SarahDavison","thailand"
"SarahDavison","executive"
"SarahDavison","future"
"SarahDavison","index"
"ScottHillis","china"
"ScottHillis","beijing"
"ScottHillis","chinese"
"ScottHillis","u.s"
"ScottHillis","hong"
"ScottHillis","wang"
"ScottHillis","china's"
"ScottHillis","kong"
"ScottHillis","officials"
"ScottHillis","trade"
"ScottHillis","foreign"
"ScottHillis","taiwan"
"ScottHillis","jiang"
"ScottHillis","united"
"ScottHillis","billion"
"ScottHillis","people"
"ScottHillis","million"
"ScottHillis","party"
"ScottHillis","official"
"ScottHillis","rights"
"ScottHillis","economic"
"ScottHillis","communist"
"ScottHillis","government"
"ScottHillis","human"
"ScottHillis","yuan"
"ScottHillis","military"
"ScottHillis","percent"
"ScottHillis","president"
"ScottHillis","news"
"ScottHillis","shen"
"ScottHillis","washington"
"ScottHillis","told"
"ScottHillis","xinhua"
"ScottHillis","army"
"ScottHillis","remains"
"ScottHillis","tibet"
"ScottHillis","visit"
"ScottHillis","world"
"ScottHillis","site"
"ScottHillis","dalai"
"ScottHillis","defence"
"ScottHillis","1995"
"ScottHillis","beijing's"
"ScottHillis","month"
"ScottHillis","region"
"ScottHillis","sino"
"ScottHillis","prison"
"ScottHillis","western"
"ScottHillis","leader"
"ScottHillis","ties"
"SimonCowell","pounds"
"SimonCowell","million"
"SimonCowell","life"
"SimonCowell","insurance"
"SimonCowell","percent"
"SimonCowell","business"
"SimonCowell","company"
"SimonCowell","profits"
"SimonCowell","billion"
"SimonCowell","market"
"SimonCowell","scotam"
"SimonCowell","abbey"
"SimonCowell","companies"
"SimonCowell","british"
"SimonCowell","policyholders"
"SimonCowell","amp"
"SimonCowell","pence"
"SimonCowell","shares"
"SimonCowell","industry"
"SimonCowell","scottish"
"SimonCowell","1"
"SimonCowell","offer"
"SimonCowell","financial"
"SimonCowell","pound"
"SimonCowell","expected"
"SimonCowell","amicable"
"SimonCowell","bid"
"SimonCowell","results"
"SimonCowell","growth"
"SimonCowell","1996"
"SimonCowell","deal"
"SimonCowell","executive"
"SimonCowell","share"
"SimonCowell","u.s"
"SimonCowell","britain's"
"SimonCowell","chief"
"SimonCowell","investment"
"SimonCowell","london"
"SimonCowell","time"
"SimonCowell","proposals"
"SimonCowell","cost"
"SimonCowell","costs"
"SimonCowell","fund"
"SimonCowell","genetic"
"SimonCowell","mutual"
"SimonCowell","management"
"SimonCowell","merger"
"SimonCowell","plans"
"SimonCowell","operations"
"SimonCowell","national"
"TanEeLyn","hong"
"TanEeLyn","kong"
"TanEeLyn","china"
"TanEeLyn","chinese"
"TanEeLyn","british"
"TanEeLyn","tung"
"TanEeLyn","kong's"
"TanEeLyn","beijing"
"TanEeLyn","china's"
"TanEeLyn","legislature"
"TanEeLyn","democracy"
"TanEeLyn","provisional"
"TanEeLyn","million"
"TanEeLyn","handover"
"TanEeLyn","people"
"TanEeLyn","government"
"TanEeLyn","oil"
"TanEeLyn","leader"
"TanEeLyn","rule"
"TanEeLyn","wang"
"TanEeLyn","future"
"TanEeLyn","pro"
"TanEeLyn","committee"
"TanEeLyn","patten"
"TanEeLyn","chief"
"TanEeLyn","democratic"
"TanEeLyn","britain"
"TanEeLyn","party"
"TanEeLyn","told"
"TanEeLyn","30"
"TanEeLyn","selection"
"TanEeLyn","1"
"TanEeLyn","foreign"
"TanEeLyn","june"
"TanEeLyn","territory"
"TanEeLyn","colony"
"TanEeLyn","elected"
"TanEeLyn","1997"
"TanEeLyn","july"
"TanEeLyn","percent"
"TanEeLyn","prices"
"TanEeLyn","united"
"TanEeLyn","executive"
"TanEeLyn","business"
"TanEeLyn","law"
"TanEeLyn","time"
"TanEeLyn","midnight"
"TanEeLyn","international"
"TanEeLyn","rights"
"TanEeLyn","colonial"
"TheresePoletti","internet"
"TheresePoletti","corp"
"TheresePoletti","computer"
"TheresePoletti","ibm"
"TheresePoletti","quarter"
"TheresePoletti","software"
"TheresePoletti","market"
"TheresePoletti","sales"
"TheresePoletti","industry"
"TheresePoletti","analysts"
"TheresePoletti","business"
"TheresePoletti","service"
"TheresePoletti","pc"
"TheresePoletti","percent"
"TheresePoletti","company"
"TheresePoletti","consumer"
"TheresePoletti","microsoft"
"TheresePoletti","companies"
"TheresePoletti","aol"
"TheresePoletti","network"
"TheresePoletti","analyst"
"TheresePoletti","based"
"TheresePoletti","online"
"TheresePoletti","services"
"TheresePoletti","million"
"TheresePoletti","ibm's"
"TheresePoletti","netscape"
"TheresePoletti","expected"
"TheresePoletti","growth"
"TheresePoletti","web"
"TheresePoletti","international"
"TheresePoletti","share"
"TheresePoletti","stock"
"TheresePoletti","access"
"TheresePoletti","compaq"
"TheresePoletti","month"
"TheresePoletti","system"
"TheresePoletti","pcs"
"TheresePoletti","revenues"
"TheresePoletti","corporate"
"TheresePoletti","systems"
"TheresePoletti","users"
"TheresePoletti","technology"
"TheresePoletti","billion"
"TheresePoletti","machines"
"TheresePoletti","price"
"TheresePoletti","products"
"TheresePoletti","world"
"TheresePoletti","satellite"
"TheresePoletti","president"
"TimFarrand","million"
"TimFarrand","percent"
"TimFarrand","profits"
"TimFarrand","pounds"
"TimFarrand","company"
"TimFarrand","sales"
"TimFarrand","stg"
"TimFarrand","half"
"TimFarrand","business"
"TimFarrand","analysts"
"TimFarrand","market"
"TimFarrand","amp"
"TimFarrand","bass"
"TimFarrand","food"
"TimFarrand","britain"
"TimFarrand","shares"
"TimFarrand","british"
"TimFarrand","1995"
"TimFarrand","billion"
"TimFarrand","pubs"
"TimFarrand","rose"
"TimFarrand","prices"
"TimFarrand","1"
"TimFarrand","company's"
"TimFarrand","growth"
"TimFarrand","brewer"
"TimFarrand","trading"
"TimFarrand","increase"
"TimFarrand","share"
"TimFarrand","analyst"
"TimFarrand","u.s"
"TimFarrand","profit"
"TimFarrand","time"
"TimFarrand","brands"
"TimFarrand","expected"
"TimFarrand","foods"
"TimFarrand","rise"
"TimFarrand","september"
"TimFarrand","beer"
"TimFarrand","division"
"TimFarrand","leisure"
"TimFarrand","total"
"TimFarrand","britain's"
"TimFarrand","european"
"TimFarrand","fell"
"TimFarrand","pound"
"TimFarrand","range"
"TimFarrand","sugar"
"TimFarrand","tobacco"
"TimFarrand","pretax"
"ToddNissen","ford"
"ToddNissen","sales"
"ToddNissen","percent"
"ToddNissen","gm"
"ToddNissen","million"
"ToddNissen","plant"
"ToddNissen","workers"
"ToddNissen","car"
"ToddNissen","chrysler"
"ToddNissen","company"
"ToddNissen","auto"
"ToddNissen","corp"
"ToddNissen","u.s"
"ToddNissen","vehicles"
"ToddNissen","vehicle"
"ToddNissen","president"
"ToddNissen","operations"
"ToddNissen","plants"
"ToddNissen","industry"
"ToddNissen","quarter"
"ToddNissen","automotive"
"ToddNissen","1995"
"ToddNissen","1996"
"ToddNissen","motor"
"ToddNissen","uaw"
"ToddNissen","automaker"
"ToddNissen","ford's"
"ToddNissen","truck"
"ToddNissen","cars"
"ToddNissen","total"
"ToddNissen","gm's"
"ToddNissen","strike"
"ToddNissen","expected"
"ToddNissen","trotman"
"ToddNissen","door"
"ToddNissen","mich"
"ToddNissen","billion"
"ToddNissen","minivans"
"ToddNissen","sport"
"ToddNissen","month"
"ToddNissen","production"
"ToddNissen","time"
"ToddNissen","told"
"ToddNissen","ago"
"ToddNissen","chairman"
"ToddNissen","light"
"ToddNissen","trucks"
"ToddNissen","analysts"
"ToddNissen","executive"
"ToddNissen","market"
"WilliamKazer","china"
"WilliamKazer","u.s"
"WilliamKazer","chinese"
"WilliamKazer","beijing"
"WilliamKazer","china's"
"WilliamKazer","trade"
"WilliamKazer","foreign"
"WilliamKazer","official"
"WilliamKazer","percent"
"WilliamKazer","united"
"WilliamKazer","hong"
"WilliamKazer","kong"
"WilliamKazer","economic"
"WilliamKazer","taiwan"
"WilliamKazer","officials"
"WilliamKazer","market"
"WilliamKazer","bank"
"WilliamKazer","told"
"WilliamKazer","poultry"
"WilliamKazer","president"
"WilliamKazer","billion"
"WilliamKazer","visit"
"WilliamKazer","companies"
"WilliamKazer","million"
"WilliamKazer","government"
"WilliamKazer","party"
"WilliamKazer","power"
"WilliamKazer","relations"
"WilliamKazer","ties"
"WilliamKazer","products"
"WilliamKazer","ban"
"WilliamKazer","ministry"
"WilliamKazer","policy"
"WilliamKazer","technology"
"WilliamKazer","communist"
"WilliamKazer","expected"
"WilliamKazer","company"
"WilliamKazer","10"
"WilliamKazer","central"
"WilliamKazer","domestic"
"WilliamKazer","space"
"WilliamKazer","key"
"WilliamKazer","washington"
"WilliamKazer","cooperation"
"WilliamKazer","inflation"
"WilliamKazer","political"
"WilliamKazer","singapore"
"WilliamKazer","deng"
"WilliamKazer","launch"
"WilliamKazer","sector"
