user,artist
AaronPressman,internet
AaronPressman,banks
AaronPressman,companies
AaronPressman,new
AaronPressman,congress
AaronPressman,credit
AaronPressman,encryption
AaronPressman,court
AaronPressman,federal
AaronPressman,also
AaronPressman,financial
AaronPressman,could
AaronPressman,policy
AaronPressman,online
AaronPressman,government
AaronPressman,products
AaronPressman,access
AaronPressman,one
AaronPressman,last
AaronPressman,securities
AaronPressman,export
AaronPressman,administration
AaronPressman,law
AaronPressman,committee
AaronPressman,bill
AaronPressman,computer
AaronPressman,rules
AaronPressman,bank
AaronPressman,services
AaronPressman,president
AaronPressman,key
AaronPressman,use
AaronPressman,year
AaronPressman,banking
AaronPressman,fed
AaronPressman,insurance
AaronPressman,draft
AaronPressman,foreign
AaronPressman,firms
AaronPressman,information
AaronPressman,commission
AaronPressman,commerce
AaronPressman,association
AaronPressman,members
AaronPressman,laws
AaronPressman,industry
AaronPressman,phone
AaronPressman,software
AaronPressman,market
AaronPressman,group
AlanCrosby,market
AlanCrosby,percent
AlanCrosby,czech
AlanCrosby,week
AlanCrosby,first
AlanCrosby,points
AlanCrosby,analysts
AlanCrosby,crowns
AlanCrosby,prague
AlanCrosby,round
AlanCrosby,billion
AlanCrosby,second
AlanCrosby,two
AlanCrosby,investors
AlanCrosby,last
AlanCrosby,senate
AlanCrosby,index
AlanCrosby,coalition
AlanCrosby,year
AlanCrosby,stock
AlanCrosby,klaus
AlanCrosby,thursday
AlanCrosby,match
AlanCrosby,world
AlanCrosby,one
AlanCrosby,exchange
AlanCrosby,elections
AlanCrosby,prices
AlanCrosby,bank
AlanCrosby,foreign
AlanCrosby,friday
AlanCrosby,government
AlanCrosby,house
AlanCrosby,little
AlanCrosby,well
AlanCrosby,could
AlanCrosby,think
AlanCrosby,crown
AlanCrosby,deficit
AlanCrosby,since
AlanCrosby,martin
AlanCrosby,million
AlanCrosby,strong
AlanCrosby,trading
AlanCrosby,ods
AlanCrosby,final
AlanCrosby,czechs
AlanCrosby,banka
AlanCrosby,ferreira
AlanCrosby,added
AlexanderSmith,million
AlexanderSmith,percent
AlexanderSmith,group
AlexanderSmith,company
AlexanderSmith,investment
AlexanderSmith,year
AlexanderSmith,amp
AlexanderSmith,british
AlexanderSmith,new
AlexanderSmith,market
AlexanderSmith,pounds
AlexanderSmith,also
AlexanderSmith,companies
AlexanderSmith,management
AlexanderSmith,britain
AlexanderSmith,cable
AlexanderSmith,billion
AlexanderSmith,london
AlexanderSmith,shares
AlexanderSmith,business
AlexanderSmith,merger
AlexanderSmith,bank
AlexanderSmith,shareholders
AlexanderSmith,property
AlexanderSmith,one
AlexanderSmith,could
AlexanderSmith,told
AlexanderSmith,greycoat
AlexanderSmith,fleming
AlexanderSmith,fund
AlexanderSmith,executive
AlexanderSmith,first
AlexanderSmith,pence
AlexanderSmith,reuters
AlexanderSmith,pound
AlexanderSmith,time
AlexanderSmith,invesco
AlexanderSmith,financial
AlexanderSmith,share
AlexanderSmith,deal
AlexanderSmith,industry
AlexanderSmith,next
AlexanderSmith,services
AlexanderSmith,chief
AlexanderSmith,good
AlexanderSmith,may
AlexanderSmith,adding
AlexanderSmith,last
AlexanderSmith,around
AlexanderSmith,chairman
BenjaminKangLim,china
BenjaminKangLim,wang
BenjaminKangLim,beijing
BenjaminKangLim,taiwan
BenjaminKangLim,chinese
BenjaminKangLim,court
BenjaminKangLim,party
BenjaminKangLim,government
BenjaminKangLim,years
BenjaminKangLim,one
BenjaminKangLim,people
BenjaminKangLim,communist
BenjaminKangLim,two
BenjaminKangLim,last
BenjaminKangLim,year
BenjaminKangLim,since
BenjaminKangLim,rights
BenjaminKangLim,trial
BenjaminKangLim,state
BenjaminKangLim,human
BenjaminKangLim,former
BenjaminKangLim,officials
BenjaminKangLim,chen
BenjaminKangLim,official
BenjaminKangLim,prison
BenjaminKangLim,also
BenjaminKangLim,jiang
BenjaminKangLim,sentence
BenjaminKangLim,economic
BenjaminKangLim,dissident
BenjaminKangLim,president
BenjaminKangLim,united
BenjaminKangLim,first
BenjaminKangLim,newspaper
BenjaminKangLim,island
BenjaminKangLim,visit
BenjaminKangLim,leader
BenjaminKangLim,dan
BenjaminKangLim,told
BenjaminKangLim,could
BenjaminKangLim,states
BenjaminKangLim,zhou
BenjaminKangLim,links
BenjaminKangLim,appeal
BenjaminKangLim,taiwanese
BenjaminKangLim,many
BenjaminKangLim,saying
BenjaminKangLim,war
BenjaminKangLim,group
BenjaminKangLim,foreign
BernardHickey,news
BernardHickey,percent
BernardHickey,year
BernardHickey,million
BernardHickey,profit
BernardHickey,murdoch
BernardHickey,also
BernardHickey,corp
BernardHickey,analysts
BernardHickey,first
BernardHickey,bank
BernardHickey,ltd
BernardHickey,australia
BernardHickey,profits
BernardHickey,half
BernardHickey,analyst
BernardHickey,sydney
BernardHickey,new
BernardHickey,growth
BernardHickey,australian
BernardHickey,market
BernardHickey,net
BernardHickey,quarter
BernardHickey,group
BernardHickey,banks
BernardHickey,media
BernardHickey,strong
BernardHickey,second
BernardHickey,us
BernardHickey,company
BernardHickey,told
BernardHickey,billion
BernardHickey,expected
BernardHickey,one
BernardHickey,increase
BernardHickey,last
BernardHickey,government
BernardHickey,result
BernardHickey,shares
BernardHickey,television
BernardHickey,share
BernardHickey,cents
BernardHickey,banking
BernardHickey,financial
BernardHickey,still
BernardHickey,stake
BernardHickey,another
BernardHickey,westpac
BernardHickey,mci
BernardHickey,earnings
BradDorfman,company
BradDorfman,percent
BradDorfman,year
BradDorfman,million
BradDorfman,sales
BradDorfman,analysts
BradDorfman,also
BradDorfman,stock
BradDorfman,bank
BradDorfman,quarter
BradDorfman,first
BradDorfman,analyst
BradDorfman,earnings
BradDorfman,share
BradDorfman,billion
BradDorfman,could
BradDorfman,new
BradDorfman,amp
BradDorfman,mercury
BradDorfman,chicago
BradDorfman,last
BradDorfman,think
BradDorfman,business
BradDorfman,deal
BradDorfman,one
BradDorfman,mercantile
BradDorfman,chief
BradDorfman,expected
BradDorfman,banking
BradDorfman,ago
BradDorfman,market
BradDorfman,reported
BradDorfman,caterpillar
BradDorfman,executive
BradDorfman,finance
BradDorfman,banks
BradDorfman,financial
BradDorfman,stores
BradDorfman,season
BradDorfman,results
BradDorfman,rose
BradDorfman,acquisition
BradDorfman,holiday
BradDorfman,strong
BradDorfman,higher
BradDorfman,inc
BradDorfman,shares
BradDorfman,tuesday
BradDorfman,thursday
BradDorfman,see
DarrenSchuettler,bank
DarrenSchuettler,c
DarrenSchuettler,canada
DarrenSchuettler,canadian
DarrenSchuettler,billion
DarrenSchuettler,million
DarrenSchuettler,year
DarrenSchuettler,banks
DarrenSchuettler,percent
DarrenSchuettler,toronto
DarrenSchuettler,stock
DarrenSchuettler,cents
DarrenSchuettler,fund
DarrenSchuettler,share
DarrenSchuettler,hirsch
DarrenSchuettler,also
DarrenSchuettler,molson
DarrenSchuettler,analysts
DarrenSchuettler,earnings
DarrenSchuettler,new
DarrenSchuettler,royal
DarrenSchuettler,last
DarrenSchuettler,fidelity
DarrenSchuettler,record
DarrenSchuettler,montreal
DarrenSchuettler,expected
DarrenSchuettler,group
DarrenSchuettler,investment
DarrenSchuettler,exchange
DarrenSchuettler,biggest
DarrenSchuettler,banking
DarrenSchuettler,government
DarrenSchuettler,big
DarrenSchuettler,third
DarrenSchuettler,one
DarrenSchuettler,ontario
DarrenSchuettler,mutual
DarrenSchuettler,coors
DarrenSchuettler,six
DarrenSchuettler,market
DarrenSchuettler,shares
DarrenSchuettler,investors
DarrenSchuettler,quarter
DarrenSchuettler,financial
DarrenSchuettler,rates
DarrenSchuettler,profits
DarrenSchuettler,major
DarrenSchuettler,cibc
DarrenSchuettler,income
DarrenSchuettler,services
DavidLawder,gm
DavidLawder,workers
DavidLawder,uaw
DavidLawder,plants
DavidLawder,plant
DavidLawder,strike
DavidLawder,parts
DavidLawder,automaker
DavidLawder,ford
DavidLawder,local
DavidLawder,union
DavidLawder,contract
DavidLawder,million
DavidLawder,chrysler
DavidLawder,truck
DavidLawder,auto
DavidLawder,new
DavidLawder,agreement
DavidLawder,talks
DavidLawder,percent
DavidLawder,national
DavidLawder,work
DavidLawder,three
DavidLawder,yokich
DavidLawder,indianapolis
DavidLawder,canadian
DavidLawder,two
DavidLawder,janesville
DavidLawder,assembly
DavidLawder,also
DavidLawder,detroit
DavidLawder,strikes
DavidLawder,company
DavidLawder,week
DavidLawder,monday
DavidLawder,car
DavidLawder,wednesday
DavidLawder,president
DavidLawder,wants
DavidLawder,friday
DavidLawder,united
DavidLawder,general
DavidLawder,issues
DavidLawder,motors
DavidLawder,vehicles
DavidLawder,job
DavidLawder,flint
DavidLawder,production
DavidLawder,officials
DavidLawder,expected
EdnaFernandes,million
EdnaFernandes,pounds
EdnaFernandes,year
EdnaFernandes,percent
EdnaFernandes,company
EdnaFernandes,group
EdnaFernandes,new
EdnaFernandes,one
EdnaFernandes,market
EdnaFernandes,also
EdnaFernandes,eurotunnel
EdnaFernandes,fire
EdnaFernandes,pence
EdnaFernandes,profits
EdnaFernandes,billion
EdnaFernandes,tunnel
EdnaFernandes,told
EdnaFernandes,first
EdnaFernandes,imperial
EdnaFernandes,two
EdnaFernandes,reuters
EdnaFernandes,shares
EdnaFernandes,business
EdnaFernandes,chief
EdnaFernandes,british
EdnaFernandes,industry
EdnaFernandes,rail
EdnaFernandes,years
EdnaFernandes,share
EdnaFernandes,cost
EdnaFernandes,london
EdnaFernandes,plc
EdnaFernandes,sales
EdnaFernandes,hanson
EdnaFernandes,growth
EdnaFernandes,debt
EdnaFernandes,damage
EdnaFernandes,virgin
EdnaFernandes,executive
EdnaFernandes,government
EdnaFernandes,expected
EdnaFernandes,services
EdnaFernandes,pound
EdnaFernandes,bid
EdnaFernandes,britain
EdnaFernandes,since
EdnaFernandes,could
EdnaFernandes,analysts
EdnaFernandes,stock
EdnaFernandes,seen
EricAuchard,company
EricAuchard,stock
EricAuchard,new
EricAuchard,computer
EricAuchard,analysts
EricAuchard,intel
EricAuchard,business
EricAuchard,industry
EricAuchard,year
EricAuchard,software
EricAuchard,analyst
EricAuchard,quarter
EricAuchard,percent
EricAuchard,technology
EricAuchard,online
EricAuchard,mci
EricAuchard,service
EricAuchard,market
EricAuchard,earnings
EricAuchard,compuserve
EricAuchard,million
EricAuchard,amp
EricAuchard,share
EricAuchard,inc
EricAuchard,communications
EricAuchard,wireless
EricAuchard,corp
EricAuchard,services
EricAuchard,internet
EricAuchard,wall
EricAuchard,street
EricAuchard,one
EricAuchard,network
EricAuchard,trading
EricAuchard,microsoft
EricAuchard,deal
EricAuchard,expected
EricAuchard,equipment
EricAuchard,aol
EricAuchard,associates
EricAuchard,systems
EricAuchard,could
EricAuchard,stocks
EricAuchard,plans
EricAuchard,growth
EricAuchard,tuesday
EricAuchard,also
EricAuchard,pc
EricAuchard,monday
EricAuchard,companies
FumikoFujisaki,japan
FumikoFujisaki,billion
FumikoFujisaki,yen
FumikoFujisaki,banks
FumikoFujisaki,financial
FumikoFujisaki,japanese
FumikoFujisaki,bank
FumikoFujisaki,loans
FumikoFujisaki,problem
FumikoFujisaki,market
FumikoFujisaki,year
FumikoFujisaki,insurance
FumikoFujisaki,firms
FumikoFujisaki,securities
FumikoFujisaki,analysts
FumikoFujisaki,life
FumikoFujisaki,industry
FumikoFujisaki,companies
FumikoFujisaki,trillion
FumikoFujisaki,business
FumikoFujisaki,big
FumikoFujisaki,finance
FumikoFujisaki,percent
FumikoFujisaki,stock
FumikoFujisaki,million
FumikoFujisaki,last
FumikoFujisaki,first
FumikoFujisaki,current
FumikoFujisaki,profits
FumikoFujisaki,ministry
FumikoFujisaki,also
FumikoFujisaki,assets
FumikoFujisaki,real
FumikoFujisaki,tokyo
FumikoFujisaki,estate
FumikoFujisaki,markets
FumikoFujisaki,new
FumikoFujisaki,say
FumikoFujisaki,company
FumikoFujisaki,investors
FumikoFujisaki,funds
FumikoFujisaki,system
FumikoFujisaki,end
FumikoFujisaki,major
FumikoFujisaki,ltd
FumikoFujisaki,analyst
FumikoFujisaki,sueno
FumikoFujisaki,sources
FumikoFujisaki,losses
FumikoFujisaki,take
GrahamEarnshaw,shanghai
GrahamEarnshaw,china
GrahamEarnshaw,markets
GrahamEarnshaw,percent
GrahamEarnshaw,market
GrahamEarnshaw,b
GrahamEarnshaw,share
GrahamEarnshaw,shares
GrahamEarnshaw,foreign
GrahamEarnshaw,securities
GrahamEarnshaw,investors
GrahamEarnshaw,bank
GrahamEarnshaw,stock
GrahamEarnshaw,beijing
GrahamEarnshaw,one
GrahamEarnshaw,chinese
GrahamEarnshaw,shenzhen
GrahamEarnshaw,trading
GrahamEarnshaw,analysts
GrahamEarnshaw,year
GrahamEarnshaw,banks
GrahamEarnshaw,authorities
GrahamEarnshaw,index
GrahamEarnshaw,yuan
GrahamEarnshaw,local
GrahamEarnshaw,money
GrahamEarnshaw,futures
GrahamEarnshaw,points
GrahamEarnshaw,analyst
GrahamEarnshaw,exchanges
GrahamEarnshaw,business
GrahamEarnshaw,exchange
GrahamEarnshaw,official
GrahamEarnshaw,new
GrahamEarnshaw,two
GrahamEarnshaw,many
GrahamEarnshaw,investment
GrahamEarnshaw,people
GrahamEarnshaw,last
GrahamEarnshaw,funds
GrahamEarnshaw,currency
GrahamEarnshaw,city
GrahamEarnshaw,companies
GrahamEarnshaw,domestic
GrahamEarnshaw,added
GrahamEarnshaw,also
GrahamEarnshaw,million
GrahamEarnshaw,prices
GrahamEarnshaw,years
GrahamEarnshaw,still
HeatherScoffield,gold
HeatherScoffield,barrick
HeatherScoffield,company
HeatherScoffield,busang
HeatherScoffield,indonesian
HeatherScoffield,government
HeatherScoffield,million
HeatherScoffield,companies
HeatherScoffield,mining
HeatherScoffield,c
HeatherScoffield,percent
HeatherScoffield,exploration
HeatherScoffield,analysts
HeatherScoffield,stock
HeatherScoffield,analyst
HeatherScoffield,toronto
HeatherScoffield,deposit
HeatherScoffield,one
HeatherScoffield,indonesia
HeatherScoffield,deal
HeatherScoffield,new
HeatherScoffield,placer
HeatherScoffield,us
HeatherScoffield,world
HeatherScoffield,mines
HeatherScoffield,nickel
HeatherScoffield,price
HeatherScoffield,year
HeatherScoffield,two
HeatherScoffield,shareholders
HeatherScoffield,share
HeatherScoffield,inco
HeatherScoffield,work
HeatherScoffield,ounces
HeatherScoffield,also
HeatherScoffield,ltd
HeatherScoffield,corp
HeatherScoffield,dome
HeatherScoffield,reuters
HeatherScoffield,could
HeatherScoffield,still
HeatherScoffield,production
HeatherScoffield,earnings
HeatherScoffield,canada
HeatherScoffield,last
HeatherScoffield,market
HeatherScoffield,find
HeatherScoffield,copper
HeatherScoffield,property
HeatherScoffield,bay
JaneMacartney,china
JaneMacartney,beijing
JaneMacartney,tibet
JaneMacartney,one
JaneMacartney,chinese
JaneMacartney,wang
JaneMacartney,years
JaneMacartney,year
JaneMacartney,government
JaneMacartney,officials
JaneMacartney,last
JaneMacartney,people
JaneMacartney,state
JaneMacartney,official
JaneMacartney,party
JaneMacartney,foreign
JaneMacartney,percent
JaneMacartney,trade
JaneMacartney,world
JaneMacartney,region
JaneMacartney,states
JaneMacartney,could
JaneMacartney,lhasa
JaneMacartney,united
JaneMacartney,communist
JaneMacartney,many
JaneMacartney,dalai
JaneMacartney,also
JaneMacartney,wto
JaneMacartney,new
JaneMacartney,liu
JaneMacartney,two
JaneMacartney,since
JaneMacartney,political
JaneMacartney,rights
JaneMacartney,economic
JaneMacartney,police
JaneMacartney,labour
JaneMacartney,may
JaneMacartney,lama
JaneMacartney,saying
JaneMacartney,human
JaneMacartney,million
JaneMacartney,law
JaneMacartney,leader
JaneMacartney,expected
JaneMacartney,week
JaneMacartney,democracy
JaneMacartney,market
JaneMacartney,dissidents
JanLopatka,percent
JanLopatka,czech
JanLopatka,klaus
JanLopatka,year
JanLopatka,bank
JanLopatka,billion
JanLopatka,government
JanLopatka,crowns
JanLopatka,minister
JanLopatka,state
JanLopatka,told
JanLopatka,last
JanLopatka,prague
JanLopatka,party
JanLopatka,social
JanLopatka,two
JanLopatka,could
JanLopatka,foreign
JanLopatka,lower
JanLopatka,added
JanLopatka,new
JanLopatka,also
JanLopatka,cabinet
JanLopatka,vaclav
JanLopatka,prime
JanLopatka,prices
JanLopatka,first
JanLopatka,stake
JanLopatka,crown
JanLopatka,zeman
JanLopatka,elections
JanLopatka,central
JanLopatka,country
JanLopatka,next
JanLopatka,havel
JanLopatka,banka
JanLopatka,coalition
JanLopatka,democrats
JanLopatka,banks
JanLopatka,privatisation
JanLopatka,month
JanLopatka,one
JanLopatka,trade
JanLopatka,news
JanLopatka,house
JanLopatka,market
JanLopatka,budget
JanLopatka,ods
JanLopatka,company
JanLopatka,forecast
JimGilchrist,cargo
JimGilchrist,kong
JimGilchrist,hong
JimGilchrist,air
JimGilchrist,new
JimGilchrist,airlines
JimGilchrist,year
JimGilchrist,china
JimGilchrist,aircraft
JimGilchrist,airport
JimGilchrist,also
JimGilchrist,per
JimGilchrist,service
JimGilchrist,newsroom
JimGilchrist,airline
JimGilchrist,cathay
JimGilchrist,flights
JimGilchrist,freight
JimGilchrist,tonnes
JimGilchrist,first
JimGilchrist,one
JimGilchrist,pacific
JimGilchrist,percent
JimGilchrist,two
JimGilchrist,told
JimGilchrist,reuters
JimGilchrist,route
JimGilchrist,cent
JimGilchrist,three
JimGilchrist,next
JimGilchrist,says
JimGilchrist,rates
JimGilchrist,routes
JimGilchrist,airways
JimGilchrist,month
JimGilchrist,last
JimGilchrist,week
JimGilchrist,market
JimGilchrist,capacity
JimGilchrist,ltd
JimGilchrist,international
JimGilchrist,boeing
JimGilchrist,increase
JimGilchrist,manager
JimGilchrist,extra
JimGilchrist,added
JimGilchrist,demand
JimGilchrist,carrier
JimGilchrist,years
JimGilchrist,october
JoeOrtiz,bank
JoeOrtiz,billion
JoeOrtiz,million
JoeOrtiz,pounds
JoeOrtiz,year
JoeOrtiz,percent
JoeOrtiz,market
JoeOrtiz,business
JoeOrtiz,analysts
JoeOrtiz,company
JoeOrtiz,banks
JoeOrtiz,banking
JoeOrtiz,one
JoeOrtiz,also
JoeOrtiz,could
JoeOrtiz,investment
JoeOrtiz,share
JoeOrtiz,last
JoeOrtiz,lloyds
JoeOrtiz,around
JoeOrtiz,stg
JoeOrtiz,time
JoeOrtiz,new
JoeOrtiz,british
JoeOrtiz,management
JoeOrtiz,eurotunnel
JoeOrtiz,britain
JoeOrtiz,society
JoeOrtiz,financial
JoeOrtiz,expected
JoeOrtiz,shareholders
JoeOrtiz,group
JoeOrtiz,shares
JoeOrtiz,amp
JoeOrtiz,building
JoeOrtiz,years
JoeOrtiz,morgan
JoeOrtiz,societies
JoeOrtiz,members
JoeOrtiz,london
JoeOrtiz,growth
JoeOrtiz,halifax
JoeOrtiz,profit
JoeOrtiz,barclays
JoeOrtiz,money
JoeOrtiz,flotation
JoeOrtiz,debt
JoeOrtiz,pay
JoeOrtiz,pence
JoeOrtiz,deal
JohnMastrini,czech
JohnMastrini,percent
JohnMastrini,prague
JohnMastrini,year
JohnMastrini,klaus
JohnMastrini,bank
JohnMastrini,government
JohnMastrini,first
JohnMastrini,havel
JohnMastrini,crown
JohnMastrini,party
JohnMastrini,foreign
JohnMastrini,senate
JohnMastrini,coalition
JohnMastrini,last
JohnMastrini,deficit
JohnMastrini,billion
JohnMastrini,elections
JohnMastrini,market
JohnMastrini,house
JohnMastrini,trade
JohnMastrini,new
JohnMastrini,central
JohnMastrini,two
JohnMastrini,president
JohnMastrini,ministry
JohnMastrini,lower
JohnMastrini,told
JohnMastrini,minister
JohnMastrini,crowns
JohnMastrini,country
JohnMastrini,million
JohnMastrini,vaclav
JohnMastrini,vote
JohnMastrini,kalvoda
JohnMastrini,social
JohnMastrini,next
JohnMastrini,also
JohnMastrini,capital
JohnMastrini,democrats
JohnMastrini,ods
JohnMastrini,political
JohnMastrini,growth
JohnMastrini,three
JohnMastrini,still
JohnMastrini,state
JohnMastrini,parliament
JohnMastrini,analysts
JohnMastrini,four
JohnMastrini,many
JonathanBirt,million
JonathanBirt,percent
JonathanBirt,group
JonathanBirt,year
JonathanBirt,sales
JonathanBirt,market
JonathanBirt,plc
JonathanBirt,british
JonathanBirt,company
JonathanBirt,drug
JonathanBirt,pence
JonathanBirt,around
JonathanBirt,pounds
JonathanBirt,also
JonathanBirt,cancer
JonathanBirt,new
JonathanBirt,biotech
JonathanBirt,marimastat
JonathanBirt,drugs
JonathanBirt,stg
JonathanBirt,analysts
JonathanBirt,product
JonathanBirt,companies
JonathanBirt,could
JonathanBirt,shares
JonathanBirt,share
JonathanBirt,one
JonathanBirt,billion
JonathanBirt,profits
JonathanBirt,years
JonathanBirt,price
JonathanBirt,britain
JonathanBirt,products
JonathanBirt,zeneca
JonathanBirt,profit
JonathanBirt,two
JonathanBirt,added
JonathanBirt,business
JonathanBirt,next
JonathanBirt,amp
JonathanBirt,three
JonathanBirt,pound
JonathanBirt,trials
JonathanBirt,months
JonathanBirt,patients
JonathanBirt,last
JonathanBirt,industry
JonathanBirt,first
JonathanBirt,reuters
JonathanBirt,chief
JoWinterbottom,pence
JoWinterbottom,company
JoWinterbottom,bid
JoWinterbottom,percent
JoWinterbottom,million
JoWinterbottom,electric
JoWinterbottom,year
JoWinterbottom,analyst
JoWinterbottom,electricity
JoWinterbottom,share
JoWinterbottom,analysts
JoWinterbottom,northern
JoWinterbottom,market
JoWinterbottom,price
JoWinterbottom,pounds
JoWinterbottom,offer
JoWinterbottom,water
JoWinterbottom,one
JoWinterbottom,british
JoWinterbottom,shares
JoWinterbottom,sainsbury
JoWinterbottom,companies
JoWinterbottom,could
JoWinterbottom,billion
JoWinterbottom,sector
JoWinterbottom,might
JoWinterbottom,dividend
JoWinterbottom,profits
JoWinterbottom,bank
JoWinterbottom,ce
JoWinterbottom,last
JoWinterbottom,midlands
JoWinterbottom,pound
JoWinterbottom,business
JoWinterbottom,east
JoWinterbottom,per
JoWinterbottom,group
JoWinterbottom,bids
JoWinterbottom,half
JoWinterbottom,customers
JoWinterbottom,power
JoWinterbottom,bt
JoWinterbottom,years
JoWinterbottom,recs
JoWinterbottom,new
JoWinterbottom,first
JoWinterbottom,around
JoWinterbottom,cable
JoWinterbottom,government
JoWinterbottom,bskyb
KarlPenhaul,colombia
KarlPenhaul,drug
KarlPenhaul,government
KarlPenhaul,colombian
KarlPenhaul,percent
KarlPenhaul,last
KarlPenhaul,police
KarlPenhaul,oil
KarlPenhaul,year
KarlPenhaul,coffee
KarlPenhaul,one
KarlPenhaul,could
KarlPenhaul,extradition
KarlPenhaul,country
KarlPenhaul,congress
KarlPenhaul,military
KarlPenhaul,samper
KarlPenhaul,chief
KarlPenhaul,guerrilla
KarlPenhaul,people
KarlPenhaul,states
KarlPenhaul,late
KarlPenhaul,united
KarlPenhaul,medellin
KarlPenhaul,union
KarlPenhaul,war
KarlPenhaul,new
KarlPenhaul,force
KarlPenhaul,minister
KarlPenhaul,bogota
KarlPenhaul,political
KarlPenhaul,uso
KarlPenhaul,bp
KarlPenhaul,week
KarlPenhaul,farc
KarlPenhaul,terms
KarlPenhaul,state
KarlPenhaul,first
KarlPenhaul,guerrillas
KarlPenhaul,national
KarlPenhaul,cocaine
KarlPenhaul,two
KarlPenhaul,workers
KarlPenhaul,leftist
KarlPenhaul,sunday
KarlPenhaul,years
KarlPenhaul,foreign
KarlPenhaul,say
KarlPenhaul,told
KarlPenhaul,contract
KeithWeir,million
KeithWeir,pounds
KeithWeir,percent
KeithWeir,company
KeithWeir,television
KeithWeir,united
KeithWeir,british
KeithWeir,market
KeithWeir,group
KeithWeir,year
KeithWeir,new
KeithWeir,deal
KeithWeir,media
KeithWeir,digital
KeithWeir,bt
KeithWeir,pearson
KeithWeir,mci
KeithWeir,britain
KeithWeir,bskyb
KeithWeir,billion
KeithWeir,one
KeithWeir,also
KeithWeir,analysts
KeithWeir,executive
KeithWeir,bbc
KeithWeir,news
KeithWeir,two
KeithWeir,shares
KeithWeir,chief
KeithWeir,channels
KeithWeir,services
KeithWeir,share
KeithWeir,business
KeithWeir,could
KeithWeir,granada
KeithWeir,last
KeithWeir,years
KeithWeir,amp
KeithWeir,london
KeithWeir,stake
KeithWeir,next
KeithWeir,pound
KeithWeir,blenheim
KeithWeir,companies
KeithWeir,licence
KeithWeir,club
KeithWeir,recent
KeithWeir,profit
KeithWeir,pay
KeithWeir,international
KevinDrawbaugh,sales
KevinDrawbaugh,company
KevinDrawbaugh,analysts
KevinDrawbaugh,year
KevinDrawbaugh,percent
KevinDrawbaugh,million
KevinDrawbaugh,analyst
KevinDrawbaugh,new
KevinDrawbaugh,quarter
KevinDrawbaugh,earnings
KevinDrawbaugh,amp
KevinDrawbaugh,companies
KevinDrawbaugh,share
KevinDrawbaugh,business
KevinDrawbaugh,shares
KevinDrawbaugh,inc
KevinDrawbaugh,industry
KevinDrawbaugh,stock
KevinDrawbaugh,expected
KevinDrawbaugh,medical
KevinDrawbaugh,growth
KevinDrawbaugh,drug
KevinDrawbaugh,market
KevinDrawbaugh,general
KevinDrawbaugh,health
KevinDrawbaugh,united
KevinDrawbaugh,per
KevinDrawbaugh,corp
KevinDrawbaugh,going
KevinDrawbaugh,could
KevinDrawbaugh,alexander
KevinDrawbaugh,rental
KevinDrawbaugh,billion
KevinDrawbaugh,jude
KevinDrawbaugh,first
KevinDrawbaugh,may
KevinDrawbaugh,also
KevinDrawbaugh,healthcare
KevinDrawbaugh,systems
KevinDrawbaugh,next
KevinDrawbaugh,one
KevinDrawbaugh,aon
KevinDrawbaugh,third
KevinDrawbaugh,chicago
KevinDrawbaugh,last
KevinDrawbaugh,deal
KevinDrawbaugh,profits
KevinDrawbaugh,street
KevinDrawbaugh,car
KevinDrawbaugh,value
KevinMorrison,million
KevinMorrison,percent
KevinMorrison,year
KevinMorrison,ltd
KevinMorrison,australian
KevinMorrison,australia
KevinMorrison,analysts
KevinMorrison,profit
KevinMorrison,news
KevinMorrison,group
KevinMorrison,corp
KevinMorrison,market
KevinMorrison,billion
KevinMorrison,sydney
KevinMorrison,share
KevinMorrison,first
KevinMorrison,oil
KevinMorrison,bank
KevinMorrison,casino
KevinMorrison,analyst
KevinMorrison,highlands
KevinMorrison,shares
KevinMorrison,gold
KevinMorrison,placer
KevinMorrison,us
KevinMorrison,one
KevinMorrison,sector
KevinMorrison,also
KevinMorrison,new
KevinMorrison,net
KevinMorrison,half
KevinMorrison,cents
KevinMorrison,asia
KevinMorrison,gas
KevinMorrison,told
KevinMorrison,could
KevinMorrison,company
KevinMorrison,plans
KevinMorrison,two
KevinMorrison,companies
KevinMorrison,months
KevinMorrison,around
KevinMorrison,growth
KevinMorrison,qantas
KevinMorrison,assets
KevinMorrison,think
KevinMorrison,industry
KevinMorrison,pacific
KevinMorrison,prices
KevinMorrison,price
KirstinRidley,bt
KirstinRidley,percent
KirstinRidley,market
KirstinRidley,mci
KirstinRidley,telecoms
KirstinRidley,million
KirstinRidley,billion
KirstinRidley,company
KirstinRidley,british
KirstinRidley,one
KirstinRidley,group
KirstinRidley,year
KirstinRidley,pounds
KirstinRidley,new
KirstinRidley,deal
KirstinRidley,analysts
KirstinRidley,companies
KirstinRidley,pence
KirstinRidley,international
KirstinRidley,share
KirstinRidley,last
KirstinRidley,amp
KirstinRidley,world
KirstinRidley,also
KirstinRidley,ntt
KirstinRidley,britain
KirstinRidley,shares
KirstinRidley,merger
KirstinRidley,growth
KirstinRidley,telecom
KirstinRidley,services
KirstinRidley,america
KirstinRidley,pound
KirstinRidley,cable
KirstinRidley,business
KirstinRidley,first
KirstinRidley,telecommunications
KirstinRidley,concert
KirstinRidley,markets
KirstinRidley,analyst
KirstinRidley,price
KirstinRidley,second
KirstinRidley,biggest
KirstinRidley,profits
KirstinRidley,global
KirstinRidley,told
KirstinRidley,telephone
KirstinRidley,communications
KirstinRidley,two
KirstinRidley,electricity
KouroshKarimkhany,apple
KouroshKarimkhany,software
KouroshKarimkhany,quarter
KouroshKarimkhany,computer
KouroshKarimkhany,company
KouroshKarimkhany,microsoft
KouroshKarimkhany,million
KouroshKarimkhany,year
KouroshKarimkhany,new
KouroshKarimkhany,analysts
KouroshKarimkhany,sales
KouroshKarimkhany,computers
KouroshKarimkhany,share
KouroshKarimkhany,macintosh
KouroshKarimkhany,also
KouroshKarimkhany,cents
KouroshKarimkhany,expected
KouroshKarimkhany,percent
KouroshKarimkhany,technology
KouroshKarimkhany,business
KouroshKarimkhany,operating
KouroshKarimkhany,revenue
KouroshKarimkhany,loss
KouroshKarimkhany,financial
KouroshKarimkhany,next
KouroshKarimkhany,based
KouroshKarimkhany,companies
KouroshKarimkhany,industry
KouroshKarimkhany,first
KouroshKarimkhany,analyst
KouroshKarimkhany,oracle
KouroshKarimkhany,customers
KouroshKarimkhany,market
KouroshKarimkhany,machines
KouroshKarimkhany,intuit
KouroshKarimkhany,billion
KouroshKarimkhany,personal
KouroshKarimkhany,ago
KouroshKarimkhany,system
KouroshKarimkhany,fiscal
KouroshKarimkhany,jobs
KouroshKarimkhany,pc
KouroshKarimkhany,windows
KouroshKarimkhany,amelio
KouroshKarimkhany,corporate
KouroshKarimkhany,informix
KouroshKarimkhany,years
KouroshKarimkhany,could
KouroshKarimkhany,chief
KouroshKarimkhany,products
LydiaZajc,c
LydiaZajc,toronto
LydiaZajc,shares
LydiaZajc,stocks
LydiaZajc,million
LydiaZajc,canada
LydiaZajc,gold
LydiaZajc,points
LydiaZajc,billion
LydiaZajc,index
LydiaZajc,percent
LydiaZajc,market
LydiaZajc,bank
LydiaZajc,stock
LydiaZajc,canadian
LydiaZajc,close
LydiaZajc,year
LydiaZajc,rose
LydiaZajc,issues
LydiaZajc,key
LydiaZajc,new
LydiaZajc,trading
LydiaZajc,exchange
LydiaZajc,barrick
LydiaZajc,fell
LydiaZajc,us
LydiaZajc,composite
LydiaZajc,analysts
LydiaZajc,products
LydiaZajc,traded
LydiaZajc,end
LydiaZajc,largest
LydiaZajc,lost
LydiaZajc,interest
LydiaZajc,investors
LydiaZajc,today
LydiaZajc,high
LydiaZajc,banks
LydiaZajc,worth
LydiaZajc,record
LydiaZajc,tse
LydiaZajc,golds
LydiaZajc,firm
LydiaZajc,analyst
LydiaZajc,led
LydiaZajc,among
LydiaZajc,since
LydiaZajc,another
LydiaZajc,think
LydiaZajc,also
LynneO'Donnell,china
LynneO'Donnell,chinese
LynneO'Donnell,tonnes
LynneO'Donnell,traders
LynneO'Donnell,million
LynneO'Donnell,hong
LynneO'Donnell,kong
LynneO'Donnell,copper
LynneO'Donnell,poultry
LynneO'Donnell,market
LynneO'Donnell,prices
LynneO'Donnell,industry
LynneO'Donnell,price
LynneO'Donnell,tonne
LynneO'Donnell,imports
LynneO'Donnell,trader
LynneO'Donnell,sources
LynneO'Donnell,could
LynneO'Donnell,source
LynneO'Donnell,beijing
LynneO'Donnell,year
LynneO'Donnell,ban
LynneO'Donnell,one
LynneO'Donnell,trading
LynneO'Donnell,official
LynneO'Donnell,lme
LynneO'Donnell,states
LynneO'Donnell,metal
LynneO'Donnell,percent
LynneO'Donnell,officials
LynneO'Donnell,world
LynneO'Donnell,us
LynneO'Donnell,grain
LynneO'Donnell,sugar
LynneO'Donnell,around
LynneO'Donnell,shanghai
LynneO'Donnell,corn
LynneO'Donnell,import
LynneO'Donnell,soybean
LynneO'Donnell,two
LynneO'Donnell,exports
LynneO'Donnell,last
LynneO'Donnell,trade
LynneO'Donnell,domestic
LynneO'Donnell,export
LynneO'Donnell,total
LynneO'Donnell,people
LynneO'Donnell,crop
LynneO'Donnell,reuters
LynneO'Donnell,months
LynnleyBrowning,russia
LynnleyBrowning,oil
LynnleyBrowning,russian
LynnleyBrowning,percent
LynnleyBrowning,output
LynnleyBrowning,million
LynnleyBrowning,moscow
LynnleyBrowning,world
LynnleyBrowning,year
LynnleyBrowning,tonnes
LynnleyBrowning,could
LynnleyBrowning,western
LynnleyBrowning,domestic
LynnleyBrowning,one
LynnleyBrowning,energy
LynnleyBrowning,export
LynnleyBrowning,industry
LynnleyBrowning,company
LynnleyBrowning,companies
LynnleyBrowning,government
LynnleyBrowning,market
LynnleyBrowning,exports
LynnleyBrowning,prices
LynnleyBrowning,gas
LynnleyBrowning,grain
LynnleyBrowning,beers
LynnleyBrowning,new
LynnleyBrowning,state
LynnleyBrowning,officials
LynnleyBrowning,deal
LynnleyBrowning,de
LynnleyBrowning,aluminium
LynnleyBrowning,billion
LynnleyBrowning,reserves
LynnleyBrowning,markets
LynnleyBrowning,last
LynnleyBrowning,group
LynnleyBrowning,sources
LynnleyBrowning,production
LynnleyBrowning,foreign
LynnleyBrowning,ministry
LynnleyBrowning,pipeline
LynnleyBrowning,producers
LynnleyBrowning,minister
LynnleyBrowning,metals
LynnleyBrowning,big
LynnleyBrowning,analysts
LynnleyBrowning,producer
LynnleyBrowning,say
LynnleyBrowning,deals
MarcelMichelson,french
MarcelMichelson,france
MarcelMichelson,air
MarcelMichelson,francs
MarcelMichelson,percent
MarcelMichelson,billion
MarcelMichelson,thomson
MarcelMichelson,company
MarcelMichelson,liberte
MarcelMichelson,group
MarcelMichelson,government
MarcelMichelson,million
MarcelMichelson,lagardere
MarcelMichelson,market
MarcelMichelson,telecom
MarcelMichelson,daewoo
MarcelMichelson,also
MarcelMichelson,franc
MarcelMichelson,chairman
MarcelMichelson,bid
MarcelMichelson,multimedia
MarcelMichelson,commission
MarcelMichelson,electronics
MarcelMichelson,stake
MarcelMichelson,share
MarcelMichelson,deal
MarcelMichelson,new
MarcelMichelson,one
MarcelMichelson,first
MarcelMichelson,privatisation
MarcelMichelson,unit
MarcelMichelson,state
MarcelMichelson,european
MarcelMichelson,sale
MarcelMichelson,profit
MarcelMichelson,year
MarcelMichelson,sa
MarcelMichelson,could
MarcelMichelson,defence
MarcelMichelson,paris
MarcelMichelson,british
MarcelMichelson,aom
MarcelMichelson,industry
MarcelMichelson,alcatel
MarcelMichelson,expected
MarcelMichelson,airline
MarcelMichelson,told
MarcelMichelson,financial
MarcelMichelson,capital
MarcelMichelson,rivaud
MarkBendeich,million
MarkBendeich,profit
MarkBendeich,percent
MarkBendeich,group
MarkBendeich,year
MarkBendeich,australia
MarkBendeich,australian
MarkBendeich,steel
MarkBendeich,bhp
MarkBendeich,told
MarkBendeich,ltd
MarkBendeich,price
MarkBendeich,market
MarkBendeich,national
MarkBendeich,asia
MarkBendeich,earnings
MarkBendeich,mutual
MarkBendeich,prices
MarkBendeich,analyst
MarkBendeich,also
MarkBendeich,copper
MarkBendeich,new
MarkBendeich,first
MarkBendeich,company
MarkBendeich,net
MarkBendeich,share
MarkBendeich,foster
MarkBendeich,us
MarkBendeich,think
MarkBendeich,last
MarkBendeich,reuters
MarkBendeich,months
MarkBendeich,result
MarkBendeich,billion
MarkBendeich,analysts
MarkBendeich,half
MarkBendeich,melbourne
MarkBendeich,quarter
MarkBendeich,cents
MarkBendeich,sales
MarkBendeich,shares
MarkBendeich,expected
MarkBendeich,growth
MarkBendeich,one
MarkBendeich,comalco
MarkBendeich,six
MarkBendeich,added
MarkBendeich,around
MarkBendeich,major
MarkBendeich,world
MartinWolk,company
MartinWolk,boeing
MartinWolk,microsoft
MartinWolk,year
MartinWolk,new
MartinWolk,percent
MartinWolk,billion
MartinWolk,analysts
MartinWolk,windows
MartinWolk,quarter
MartinWolk,million
MartinWolk,sales
MartinWolk,share
MartinWolk,last
MartinWolk,market
MartinWolk,expected
MartinWolk,business
MartinWolk,earnings
MartinWolk,stock
MartinWolk,industry
MartinWolk,analyst
MartinWolk,mcdonnell
MartinWolk,next
MartinWolk,airbus
MartinWolk,software
MartinWolk,douglas
MartinWolk,could
MartinWolk,revenues
MartinWolk,jets
MartinWolk,operating
MartinWolk,computer
MartinWolk,office
MartinWolk,fiscal
MartinWolk,cents
MartinWolk,growth
MartinWolk,internet
MartinWolk,commercial
MartinWolk,jet
MartinWolk,two
MartinWolk,system
MartinWolk,going
MartinWolk,years
MartinWolk,officials
MartinWolk,executives
MartinWolk,chairman
MartinWolk,condit
MartinWolk,also
MartinWolk,deal
MartinWolk,first
MartinWolk,nt
MatthewBunce,cocoa
MatthewBunce,tonnes
MatthewBunce,one
MatthewBunce,exporters
MatthewBunce,ivory
MatthewBunce,coast
MatthewBunce,percent
MatthewBunce,year
MatthewBunce,coffee
MatthewBunce,crop
MatthewBunce,quality
MatthewBunce,reuters
MatthewBunce,buyers
MatthewBunce,abidjan
MatthewBunce,told
MatthewBunce,world
MatthewBunce,caistab
MatthewBunce,export
MatthewBunce,prices
MatthewBunce,around
MatthewBunce,december
MatthewBunce,last
MatthewBunce,expected
MatthewBunce,season
MatthewBunce,arrivals
MatthewBunce,marketing
MatthewBunce,port
MatthewBunce,also
MatthewBunce,exporter
MatthewBunce,november
MatthewBunce,cfa
MatthewBunce,january
MatthewBunce,chad
MatthewBunce,rates
MatthewBunce,added
MatthewBunce,san
MatthewBunce,could
MatthewBunce,million
MatthewBunce,industry
MatthewBunce,pedro
MatthewBunce,farmers
MatthewBunce,price
MatthewBunce,rains
MatthewBunce,say
MatthewBunce,still
MatthewBunce,shipping
MatthewBunce,week
MatthewBunce,early
MatthewBunce,new
MatthewBunce,market
MichaelConnor,company
MichaelConnor,million
MichaelConnor,tobacco
MichaelConnor,industry
MichaelConnor,florida
MichaelConnor,percent
MichaelConnor,new
MichaelConnor,also
MichaelConnor,year
MichaelConnor,time
MichaelConnor,companies
MichaelConnor,state
MichaelConnor,warner
MichaelConnor,news
MichaelConnor,cable
MichaelConnor,deal
MichaelConnor,group
MichaelConnor,billion
MichaelConnor,executives
MichaelConnor,trial
MichaelConnor,last
MichaelConnor,television
MichaelConnor,stock
MichaelConnor,king
MichaelConnor,quick
MichaelConnor,states
MichaelConnor,sales
MichaelConnor,one
MichaelConnor,lawyers
MichaelConnor,york
MichaelConnor,suit
MichaelConnor,two
MichaelConnor,amp
MichaelConnor,silver
MichaelConnor,america
MichaelConnor,executive
MichaelConnor,miami
MichaelConnor,latin
MichaelConnor,dunlap
MichaelConnor,chairman
MichaelConnor,network
MichaelConnor,costs
MichaelConnor,documents
MichaelConnor,united
MichaelConnor,cigarette
MichaelConnor,claims
MichaelConnor,rosenblatt
MichaelConnor,could
MichaelConnor,market
MichaelConnor,court
MureDickie,china
MureDickie,beijing
MureDickie,chinese
MureDickie,wang
MureDickie,officials
MureDickie,years
MureDickie,official
MureDickie,trade
MureDickie,foreign
MureDickie,rights
MureDickie,washington
MureDickie,human
MureDickie,people
MureDickie,state
MureDickie,percent
MureDickie,taiwan
MureDickie,united
MureDickie,year
MureDickie,ties
MureDickie,states
MureDickie,told
MureDickie,long
MureDickie,news
MureDickie,could
MureDickie,million
MureDickie,trial
MureDickie,hong
MureDickie,kong
MureDickie,two
MureDickie,one
MureDickie,also
MureDickie,dissident
MureDickie,world
MureDickie,dan
MureDickie,government
MureDickie,say
MureDickie,economic
MureDickie,billion
MureDickie,relations
MureDickie,last
MureDickie,already
MureDickie,international
MureDickie,market
MureDickie,communist
MureDickie,court
MureDickie,group
MureDickie,wednesday
MureDickie,nuclear
MureDickie,family
MureDickie,xinhua
NickLouth,amp
NickLouth,mci
NickLouth,percent
NickLouth,company
NickLouth,market
NickLouth,new
NickLouth,billion
NickLouth,corp
NickLouth,analysts
NickLouth,communications
NickLouth,deal
NickLouth,share
NickLouth,year
NickLouth,local
NickLouth,british
NickLouth,one
NickLouth,long
NickLouth,sprint
NickLouth,telecom
NickLouth,stock
NickLouth,services
NickLouth,chief
NickLouth,distance
NickLouth,allen
NickLouth,telecommunications
NickLouth,business
NickLouth,worldcom
NickLouth,bt
NickLouth,executive
NickLouth,mfs
NickLouth,walter
NickLouth,already
NickLouth,earnings
NickLouth,companies
NickLouth,quarter
NickLouth,customers
NickLouth,million
NickLouth,industry
NickLouth,service
NickLouth,chairman
NickLouth,years
NickLouth,two
NickLouth,network
NickLouth,regional
NickLouth,analyst
NickLouth,say
NickLouth,growth
NickLouth,could
NickLouth,concert
NickLouth,telephone
PatriciaCommins,adm
PatriciaCommins,company
PatriciaCommins,million
PatriciaCommins,year
PatriciaCommins,percent
PatriciaCommins,quarter
PatriciaCommins,analysts
PatriciaCommins,analyst
PatriciaCommins,business
PatriciaCommins,sales
PatriciaCommins,mcdonald
PatriciaCommins,monsanto
PatriciaCommins,andreas
PatriciaCommins,earnings
PatriciaCommins,expected
PatriciaCommins,share
PatriciaCommins,new
PatriciaCommins,added
PatriciaCommins,chairman
PatriciaCommins,also
PatriciaCommins,quaker
PatriciaCommins,whitacre
PatriciaCommins,kellogg
PatriciaCommins,billion
PatriciaCommins,board
PatriciaCommins,market
PatriciaCommins,corn
PatriciaCommins,stock
PatriciaCommins,investigation
PatriciaCommins,first
PatriciaCommins,two
PatriciaCommins,businesses
PatriciaCommins,united
PatriciaCommins,cereal
PatriciaCommins,chemical
PatriciaCommins,comment
PatriciaCommins,states
PatriciaCommins,president
PatriciaCommins,last
PatriciaCommins,michael
PatriciaCommins,third
PatriciaCommins,one
PatriciaCommins,snapple
PatriciaCommins,meeting
PatriciaCommins,could
PatriciaCommins,government
PatriciaCommins,case
PatriciaCommins,conseco
PatriciaCommins,operating
PatriciaCommins,chicago
PeterHumphrey,hong
PeterHumphrey,kong
PeterHumphrey,china
PeterHumphrey,tung
PeterHumphrey,chinese
PeterHumphrey,beijing
PeterHumphrey,legislature
PeterHumphrey,britain
PeterHumphrey,people
PeterHumphrey,next
PeterHumphrey,british
PeterHumphrey,committee
PeterHumphrey,patten
PeterHumphrey,territory
PeterHumphrey,handover
PeterHumphrey,chief
PeterHumphrey,party
PeterHumphrey,law
PeterHumphrey,provisional
PeterHumphrey,government
PeterHumphrey,last
PeterHumphrey,also
PeterHumphrey,rule
PeterHumphrey,political
PeterHumphrey,colonial
PeterHumphrey,one
PeterHumphrey,new
PeterHumphrey,leader
PeterHumphrey,selection
PeterHumphrey,body
PeterHumphrey,democracy
PeterHumphrey,first
PeterHumphrey,yang
PeterHumphrey,percent
PeterHumphrey,democratic
PeterHumphrey,year
PeterHumphrey,years
PeterHumphrey,july
PeterHumphrey,lee
PeterHumphrey,elected
PeterHumphrey,governor
PeterHumphrey,colony
PeterHumphrey,wednesday
PeterHumphrey,told
PeterHumphrey,future
PeterHumphrey,two
PeterHumphrey,executive
PeterHumphrey,rights
PeterHumphrey,chris
PeterHumphrey,business
PierreTran,airbus
PierreTran,billion
PierreTran,france
PierreTran,francs
PierreTran,company
PierreTran,percent
PierreTran,million
PierreTran,boeing
PierreTran,french
PierreTran,air
PierreTran,market
PierreTran,year
PierreTran,new
PierreTran,group
PierreTran,also
PierreTran,eurotunnel
PierreTran,two
PierreTran,aerospace
PierreTran,aerospatiale
PierreTran,aircraft
PierreTran,share
PierreTran,european
PierreTran,last
PierreTran,debt
PierreTran,sales
PierreTran,made
PierreTran,around
PierreTran,thomson
PierreTran,industry
PierreTran,financial
PierreTran,government
PierreTran,merger
PierreTran,end
PierreTran,partners
PierreTran,british
PierreTran,future
PierreTran,one
PierreTran,told
PierreTran,defence
PierreTran,companies
PierreTran,airline
PierreTran,restructuring
PierreTran,shares
PierreTran,des
PierreTran,could
PierreTran,loss
PierreTran,profit
PierreTran,lagardere
PierreTran,tunnel
PierreTran,paris
RobinSidel,conrail
RobinSidel,csx
RobinSidel,company
RobinSidel,norfolk
RobinSidel,southern
RobinSidel,offer
RobinSidel,stock
RobinSidel,transaction
RobinSidel,deal
RobinSidel,also
RobinSidel,new
RobinSidel,share
RobinSidel,shareholders
RobinSidel,industry
RobinSidel,shares
RobinSidel,percent
RobinSidel,bid
RobinSidel,companies
RobinSidel,billion
RobinSidel,merger
RobinSidel,cash
RobinSidel,million
RobinSidel,one
RobinSidel,analysts
RobinSidel,proposed
RobinSidel,inc
RobinSidel,buy
RobinSidel,business
RobinSidel,year
RobinSidel,per
RobinSidel,investors
RobinSidel,expected
RobinSidel,corp
RobinSidel,ashland
RobinSidel,big
RobinSidel,acquisition
RobinSidel,mattel
RobinSidel,pact
RobinSidel,announced
RobinSidel,potential
RobinSidel,usair
RobinSidel,price
RobinSidel,experts
RobinSidel,two
RobinSidel,revco
RobinSidel,security
RobinSidel,barney
RobinSidel,tyco
RobinSidel,may
RobinSidel,think
RogerFillion,fcc
RogerFillion,phone
RogerFillion,local
RogerFillion,new
RogerFillion,carriers
RogerFillion,companies
RogerFillion,tv
RogerFillion,rules
RogerFillion,communications
RogerFillion,court
RogerFillion,service
RogerFillion,federal
RogerFillion,system
RogerFillion,could
RogerFillion,market
RogerFillion,amp
RogerFillion,regulators
RogerFillion,industry
RogerFillion,rates
RogerFillion,law
RogerFillion,calls
RogerFillion,states
RogerFillion,ratings
RogerFillion,competition
RogerFillion,commission
RogerFillion,state
RogerFillion,percent
RogerFillion,officials
RogerFillion,billion
RogerFillion,president
RogerFillion,use
RogerFillion,last
RogerFillion,telecommunications
RogerFillion,also
RogerFillion,foreign
RogerFillion,must
RogerFillion,consumers
RogerFillion,group
RogerFillion,year
RogerFillion,services
RogerFillion,shows
RogerFillion,bells
RogerFillion,used
RogerFillion,pay
RogerFillion,prices
RogerFillion,plan
RogerFillion,networks
RogerFillion,government
RogerFillion,american
RogerFillion,appeals
SamuelPerry,new
SamuelPerry,internet
SamuelPerry,million
SamuelPerry,market
SamuelPerry,company
SamuelPerry,computer
SamuelPerry,year
SamuelPerry,technology
SamuelPerry,percent
SamuelPerry,quarter
SamuelPerry,software
SamuelPerry,companies
SamuelPerry,microsoft
SamuelPerry,industry
SamuelPerry,web
SamuelPerry,sun
SamuelPerry,also
SamuelPerry,netscape
SamuelPerry,analysts
SamuelPerry,billion
SamuelPerry,first
SamuelPerry,executives
SamuelPerry,people
SamuelPerry,one
SamuelPerry,venture
SamuelPerry,share
SamuelPerry,executive
SamuelPerry,products
SamuelPerry,stock
SamuelPerry,systems
SamuelPerry,chief
SamuelPerry,corp
SamuelPerry,use
SamuelPerry,business
SamuelPerry,network
SamuelPerry,product
SamuelPerry,could
SamuelPerry,sites
SamuelPerry,using
SamuelPerry,data
SamuelPerry,corporate
SamuelPerry,information
SamuelPerry,third
SamuelPerry,machines
SamuelPerry,customers
SamuelPerry,users
SamuelPerry,months
SamuelPerry,high
SamuelPerry,inc
SamuelPerry,sales
SarahDavison,hong
SarahDavison,kong
SarahDavison,china
SarahDavison,year
SarahDavison,fund
SarahDavison,percent
SarahDavison,funds
SarahDavison,one
SarahDavison,market
SarahDavison,investment
SarahDavison,asia
SarahDavison,management
SarahDavison,new
SarahDavison,economic
SarahDavison,last
SarahDavison,us
SarahDavison,foreign
SarahDavison,chinese
SarahDavison,mutual
SarahDavison,week
SarahDavison,domestic
SarahDavison,many
SarahDavison,billion
SarahDavison,also
SarahDavison,government
SarahDavison,thailand
SarahDavison,markets
SarahDavison,stock
SarahDavison,jardine
SarahDavison,fleming
SarahDavison,asian
SarahDavison,bank
SarahDavison,could
SarahDavison,investors
SarahDavison,growth
SarahDavison,financial
SarahDavison,years
SarahDavison,economy
SarahDavison,director
SarahDavison,indonesia
SarahDavison,industry
SarahDavison,much
SarahDavison,central
SarahDavison,power
SarahDavison,international
SarahDavison,people
SarahDavison,time
SarahDavison,managers
SarahDavison,capital
SarahDavison,see
ScottHillis,china
ScottHillis,beijing
ScottHillis,chinese
ScottHillis,hong
ScottHillis,wang
ScottHillis,kong
ScottHillis,officials
ScottHillis,taiwan
ScottHillis,people
ScottHillis,trade
ScottHillis,last
ScottHillis,year
ScottHillis,foreign
ScottHillis,two
ScottHillis,jiang
ScottHillis,united
ScottHillis,states
ScottHillis,party
ScottHillis,billion
ScottHillis,state
ScottHillis,million
ScottHillis,years
ScottHillis,rights
ScottHillis,official
ScottHillis,one
ScottHillis,communist
ScottHillis,economic
ScottHillis,government
ScottHillis,human
ScottHillis,yuan
ScottHillis,washington
ScottHillis,military
ScottHillis,also
ScottHillis,percent
ScottHillis,could
ScottHillis,world
ScottHillis,region
ScottHillis,shen
ScottHillis,news
ScottHillis,army
ScottHillis,tibet
ScottHillis,told
ScottHillis,xinhua
ScottHillis,many
ScottHillis,deng
ScottHillis,visit
ScottHillis,dalai
ScottHillis,remains
ScottHillis,saying
ScottHillis,defence
SimonCowell,pounds
SimonCowell,million
SimonCowell,group
SimonCowell,life
SimonCowell,insurance
SimonCowell,scotam
SimonCowell,percent
SimonCowell,business
SimonCowell,company
SimonCowell,abbey
SimonCowell,year
SimonCowell,market
SimonCowell,profits
SimonCowell,billion
SimonCowell,one
SimonCowell,new
SimonCowell,companies
SimonCowell,british
SimonCowell,policyholders
SimonCowell,also
SimonCowell,amp
SimonCowell,shares
SimonCowell,pence
SimonCowell,industry
SimonCowell,britain
SimonCowell,scottish
SimonCowell,two
SimonCowell,pound
SimonCowell,offer
SimonCowell,may
SimonCowell,financial
SimonCowell,amicable
SimonCowell,last
SimonCowell,expected
SimonCowell,results
SimonCowell,years
SimonCowell,pru
SimonCowell,likely
SimonCowell,growth
SimonCowell,london
SimonCowell,deal
SimonCowell,bid
SimonCowell,share
SimonCowell,executive
SimonCowell,general
SimonCowell,three
SimonCowell,investment
SimonCowell,chief
SimonCowell,management
SimonCowell,time
TanEeLyn,hong
TanEeLyn,kong
TanEeLyn,china
TanEeLyn,chinese
TanEeLyn,tung
TanEeLyn,beijing
TanEeLyn,legislature
TanEeLyn,british
TanEeLyn,people
TanEeLyn,provisional
TanEeLyn,year
TanEeLyn,million
TanEeLyn,years
TanEeLyn,territory
TanEeLyn,oil
TanEeLyn,handover
TanEeLyn,government
TanEeLyn,patten
TanEeLyn,committee
TanEeLyn,rule
TanEeLyn,leader
TanEeLyn,next
TanEeLyn,wang
TanEeLyn,britain
TanEeLyn,future
TanEeLyn,first
TanEeLyn,also
TanEeLyn,democracy
TanEeLyn,party
TanEeLyn,chief
TanEeLyn,one
TanEeLyn,colony
TanEeLyn,democratic
TanEeLyn,told
TanEeLyn,two
TanEeLyn,since
TanEeLyn,selection
TanEeLyn,foreign
TanEeLyn,june
TanEeLyn,elected
TanEeLyn,us
TanEeLyn,july
TanEeLyn,percent
TanEeLyn,prices
TanEeLyn,last
TanEeLyn,many
TanEeLyn,new
TanEeLyn,united
TanEeLyn,law
TanEeLyn,business
TheresePoletti,internet
TheresePoletti,ibm
TheresePoletti,new
TheresePoletti,computer
TheresePoletti,quarter
TheresePoletti,software
TheresePoletti,market
TheresePoletti,company
TheresePoletti,sales
TheresePoletti,analysts
TheresePoletti,industry
TheresePoletti,business
TheresePoletti,also
TheresePoletti,service
TheresePoletti,percent
TheresePoletti,pc
TheresePoletti,microsoft
TheresePoletti,consumer
TheresePoletti,aol
TheresePoletti,companies
TheresePoletti,year
TheresePoletti,netscape
TheresePoletti,analyst
TheresePoletti,network
TheresePoletti,online
TheresePoletti,one
TheresePoletti,world
TheresePoletti,compaq
TheresePoletti,services
TheresePoletti,million
TheresePoletti,corp
TheresePoletti,web
TheresePoletti,growth
TheresePoletti,first
TheresePoletti,international
TheresePoletti,share
TheresePoletti,stock
TheresePoletti,access
TheresePoletti,system
TheresePoletti,expected
TheresePoletti,revenues
TheresePoletti,pcs
TheresePoletti,systems
TheresePoletti,corporate
TheresePoletti,users
TheresePoletti,technology
TheresePoletti,many
TheresePoletti,month
TheresePoletti,still
TheresePoletti,machines
TimFarrand,million
TimFarrand,percent
TimFarrand,year
TimFarrand,profits
TimFarrand,company
TimFarrand,pounds
TimFarrand,sales
TimFarrand,group
TimFarrand,stg
TimFarrand,britain
TimFarrand,half
TimFarrand,business
TimFarrand,last
TimFarrand,analysts
TimFarrand,market
TimFarrand,amp
TimFarrand,bass
TimFarrand,shares
TimFarrand,food
TimFarrand,first
TimFarrand,british
TimFarrand,billion
TimFarrand,rose
TimFarrand,pubs
TimFarrand,prices
TimFarrand,two
TimFarrand,growth
TimFarrand,one
TimFarrand,trading
TimFarrand,also
TimFarrand,increase
TimFarrand,brewer
TimFarrand,new
TimFarrand,three
TimFarrand,analyst
TimFarrand,profit
TimFarrand,share
TimFarrand,rise
TimFarrand,brands
TimFarrand,foods
TimFarrand,total
TimFarrand,beer
TimFarrand,division
TimFarrand,time
TimFarrand,september
TimFarrand,full
TimFarrand,next
TimFarrand,expected
TimFarrand,grandmet
TimFarrand,leisure
ToddNissen,ford
ToddNissen,gm
ToddNissen,sales
ToddNissen,new
ToddNissen,percent
ToddNissen,million
ToddNissen,plant
ToddNissen,workers
ToddNissen,chrysler
ToddNissen,company
ToddNissen,car
ToddNissen,year
ToddNissen,auto
ToddNissen,also
ToddNissen,vehicles
ToddNissen,automaker
ToddNissen,could
ToddNissen,vehicle
ToddNissen,president
ToddNissen,two
ToddNissen,operations
ToddNissen,three
ToddNissen,industry
ToddNissen,plants
ToddNissen,one
ToddNissen,automotive
ToddNissen,uaw
ToddNissen,motor
ToddNissen,truck
ToddNissen,cars
ToddNissen,total
ToddNissen,trotman
ToddNissen,strike
ToddNissen,parts
ToddNissen,expected
ToddNissen,door
ToddNissen,billion
ToddNissen,first
ToddNissen,quarter
ToddNissen,minivans
ToddNissen,detroit
ToddNissen,told
ToddNissen,production
ToddNissen,month
ToddNissen,chairman
ToddNissen,light
ToddNissen,trucks
ToddNissen,general
ToddNissen,years
ToddNissen,analysts
WilliamKazer,china
WilliamKazer,year
WilliamKazer,beijing
WilliamKazer,chinese
WilliamKazer,also
WilliamKazer,states
WilliamKazer,trade
WilliamKazer,foreign
WilliamKazer,official
WilliamKazer,percent
WilliamKazer,state
WilliamKazer,united
WilliamKazer,two
WilliamKazer,hong
WilliamKazer,last
WilliamKazer,taiwan
WilliamKazer,one
WilliamKazer,economic
WilliamKazer,kong
WilliamKazer,officials
WilliamKazer,bank
WilliamKazer,market
WilliamKazer,told
WilliamKazer,poultry
WilliamKazer,president
WilliamKazer,billion
WilliamKazer,visit
WilliamKazer,party
WilliamKazer,companies
WilliamKazer,washington
WilliamKazer,million
WilliamKazer,company
WilliamKazer,people
WilliamKazer,could
WilliamKazer,power
WilliamKazer,ties
WilliamKazer,relations
WilliamKazer,deng
WilliamKazer,first
WilliamKazer,products
WilliamKazer,new
WilliamKazer,years
WilliamKazer,government
WilliamKazer,ministry
WilliamKazer,still
WilliamKazer,policy
WilliamKazer,big
WilliamKazer,ban
WilliamKazer,sides
WilliamKazer,technology
